Label (Grouping),EMPLOYMENT STATUS,    Population 16 years and over,        In labor force,            Civilian labor force,                Employed,                Unemployed,            Armed Forces,        Not in labor force,    Civilian labor force,        Unemployment Rate,    Females 16 years and over,        In labor force,            Civilian labor force,                Employed,    Own children of the householder under 6 years,        All parents in family in labor force,    Own children of the householder 6 to 17 years,        All parents in family in labor force,COMMUTING TO WORK,    Workers 16 years and over,"        Car, truck, or van -- drove alone","        Car, truck, or van -- carpooled",        Public transportation (excluding taxicab),        Walked,        Other means,        Worked from home,        Mean travel time to work (minutes),OCCUPATION,    Civilian employed population 16 years and over,"        Management, business, science, and arts occupations",        Service occupations,        Sales and office occupations,"        Natural resources, construction, and maintenance occupations","        Production, transportation, and material moving occupations",INDUSTRY,    Civilian employed population 16 years and over,"        Agriculture, forestry, fishing and hunting, and mining",        Construction,        Manufacturing,        Wholesale trade,        Retail trade,"        Transportation and warehousing, and utilities",        Information,"        Finance and insurance, and real estate and rental and leasing","        Professional, scientific, and management, and administrative and waste management services","        Educational services, and health care and social assistance","        Arts, entertainment, and recreation, and accommodation and food services","        Other services, except public administration",        Public administration,CLASS OF WORKER,    Civilian employed population 16 years and over,        Private wage and salary workers,        Government workers,        Self-employed in own not incorporated business workers,        Unpaid family workers,INCOME AND BENEFITS (IN 2020 INFLATION-ADJUSTED DOLLARS),    Total households,"        Less than $10,000","        $10,000 to $14,999","        $15,000 to $24,999","        $25,000 to $34,999","        $35,000 to $49,999","        $50,000 to $74,999","        $75,000 to $99,999","        $100,000 to $149,999","        $150,000 to $199,999","        $200,000 or more",        Median household income (dollars),        Mean household income (dollars),        With earnings,            Mean earnings (dollars),        With Social Security,            Mean Social Security income (dollars),        With retirement income,            Mean retirement income (dollars),        With Supplemental Security Income,            Mean Supplemental Security Income (dollars),        With cash public assistance income,            Mean cash public assistance income (dollars),        With Food Stamp/SNAP benefits in the past 12 months,    Families,"        Less than $10,000","        $10,000 to $14,999","        $15,000 to $24,999","        $25,000 to $34,999","        $35,000 to $49,999","        $50,000 to $74,999","        $75,000 to $99,999","        $100,000 to $149,999","        $150,000 to $199,999","        $200,000 or more",        Median family income (dollars),        Mean family income (dollars),    Per capita income (dollars),    Nonfamily households,        Median nonfamily income (dollars),        Mean nonfamily income (dollars),    Median earnings for workers (dollars),"    Median earnings for male full-time, year-round workers (dollars)","    Median earnings for female full-time, year-round workers (dollars)",HEALTH INSURANCE COVERAGE,    Civilian noninstitutionalized population,        With health insurance coverage,            With private health insurance,            With public coverage,        No health insurance coverage,    Civilian noninstitutionalized population under 19 years,        No health insurance coverage,    Civilian noninstitutionalized population 19 to 64 years,        In labor force:,            Employed:,                With health insurance coverage,                    With private health insurance,                    With public coverage,                No health insurance coverage,            Unemployed:,                With health insurance coverage,                    With private health insurance,                    With public coverage,                No health insurance coverage,        Not in labor force:,            With health insurance coverage,                With private health insurance,                With public coverage,            No health insurance coverage,PERCENTAGE OF FAMILIES AND PEOPLE WHOSE INCOME IN THE PAST 12 MONTHS IS BELOW THE POVERTY LEVEL,    All families,        With related children of the householder under 18 years,            With related children of the householder under 5 years only,        Married couple families,            With related children of the householder under 18 years,                With related children of the householder under 5 years only,"        Families with female householder, no spouse present",            With related children of the householder under 18 years,                With related children of the householder under 5 years only,    All people,        Under 18 years,            Related children of the householder under 18 years,                Related children of the householder under 5 years,                Related children of the householder 5 to 17 years,        18 years and over,            18 to 64 years,            65 years and over,        People in families,        Unrelated individuals 15 years and over
AL,,3926842,0.576,0.572,0.54,0.032,0.004,0.424,2245329,0.056,2053750,0.526,0.525,0.495,330070,0.657,682964,0.696,,2095195,0.849,0.083,0.003,0.011,0.009,0.044,25.2,,2119986,0.357,0.161,0.215,0.095,0.172,,2119986,0.014,0.067,0.142,0.025,0.116,0.055,0.015,0.056,0.096,0.227,0.083,0.049,0.055,,2119986,0.787,0.157,0.054,0.002,,1888504,0.081,0.056,0.109,0.105,0.132,0.175,0.118,0.131,0.049,0.044,52035,71964,0.721,74821,0.359,19700,0.234,24896,0.066,9833,0.016,2622,0.134,1234552,0.046,0.028,0.077,0.09,0.126,0.19,0.143,0.172,0.067,0.061,66772,86610,28934,653952,28529,42194,32080,50823,37425,,4813429,0.905,0.675,0.37,0.095,1160135,0.032,2845625,2063093,1951695,0.881,0.848,0.063,0.119,111398,0.58,0.397,0.22,0.42,782532,0.826,0.514,0.418,0.174,,0.116,0.189,0.192,0.052,0.071,0.065,0.321,0.435,0.479,0.16,0.227,0.225,0.254,0.214,0.14,0.151,0.102,0.129,0.297
AK,,572684,0.675,0.642,0.596,0.046,0.033,0.325,367921,0.072,272139,0.635,0.627,0.588,60524,0.599,112155,0.683,,351387,0.681,0.121,0.012,0.076,0.049,0.06,18.9,,341492,0.382,0.177,0.204,0.116,0.121,,341492,0.045,0.067,0.038,0.018,0.105,0.089,0.02,0.038,0.082,0.246,0.09,0.045,0.118,,341492,0.672,0.259,0.067,0.002,,255173,0.038,0.029,0.062,0.067,0.101,0.183,0.142,0.193,0.096,0.088,77790,98811,0.835,94644,0.242,17837,0.22,36023,0.043,10476,0.061,3901,0.103,167815,0.025,0.016,0.039,0.054,0.086,0.173,0.147,0.229,0.121,0.11,92648,112443,37094,87358,51651,66220,40471,61539,51273,,711104,0.874,0.652,0.342,0.126,191841,0.095,433196,337955,314157,0.856,0.767,0.141,0.144,23798,0.693,0.352,0.384,0.307,95241,0.808,0.492,0.395,0.192,,0.07,0.107,0.116,0.034,0.047,0.049,0.212,0.283,0.291,0.103,0.138,0.134,0.162,0.123,0.092,0.097,0.065,0.08,0.191
AZ,,5720956,0.601,0.597,0.562,0.035,0.004,0.399,3415201,0.058,2897313,0.552,0.551,0.519,492191,0.62,1048800,0.679,,3179988,0.745,0.107,0.016,0.018,0.025,0.089,25.8,,3215843,0.376,0.187,0.239,0.089,0.109,,3215843,0.013,0.071,0.07,0.023,0.12,0.055,0.018,0.086,0.125,0.22,0.104,0.047,0.049,,3215843,0.799,0.138,0.061,0.002,,2643430,0.059,0.037,0.086,0.09,0.133,0.186,0.132,0.15,0.061,0.064,61529,84380,0.748,84708,0.343,21338,0.232,28725,0.043,10509,0.018,3061,0.105,1720736,0.039,0.021,0.062,0.076,0.121,0.191,0.148,0.182,0.078,0.081,73456,97003,32340,922694,39829,56121,34302,50312,42071,,7065326,0.894,0.633,0.385,0.106,1739980,0.085,4075063,3125553,2954691,0.867,0.769,0.128,0.133,170862,0.751,0.361,0.422,0.249,949510,0.839,0.473,0.429,0.161,,0.101,0.159,0.14,0.058,0.083,0.062,0.249,0.331,0.344,0.141,0.2,0.197,0.216,0.19,0.124,0.134,0.089,0.118,0.234
AR,,2388169,0.581,0.578,0.548,0.03,0.002,0.419,1381452,0.052,1228801,0.54,0.539,0.512,213162,0.66,441934,0.698,,1294646,0.823,0.102,0.003,0.016,0.011,0.044,21.8,,1309748,0.349,0.166,0.212,0.101,0.173,,1309748,0.027,0.069,0.134,0.024,0.131,0.059,0.014,0.049,0.077,0.246,0.079,0.048,0.044,,1309748,0.786,0.152,0.06,0.002,,1170544,0.074,0.056,0.119,0.113,0.141,0.184,0.116,0.117,0.04,0.04,49475,69357,0.73,72393,0.36,19242,0.205,21967,0.065,9709,0.018,3097,0.117,770111,0.044,0.029,0.083,0.101,0.138,0.201,0.143,0.153,0.054,0.053,62067,82767,27724,400433,27792,40847,31343,45269,36482,,2957271,0.917,0.609,0.437,0.083,742460,0.047,1720686,1264597,1201973,0.889,0.794,0.129,0.111,62624,0.703,0.326,0.406,0.297,456089,0.876,0.419,0.543,0.124,,0.118,0.186,0.204,0.058,0.084,0.077,0.317,0.408,0.48,0.161,0.22,0.217,0.258,0.201,0.143,0.155,0.098,0.13,0.292
CA,,31403964,0.637,0.633,0.594,0.039,0.004,0.363,19875973,0.062,15898608,0.578,0.577,0.541,2772890,0.635,5765599,0.674,,18239892,0.721,0.1,0.046,0.025,0.024,0.084,29.8,,18646894,0.403,0.181,0.209,0.088,0.119,,18646894,0.021,0.064,0.09,0.028,0.104,0.055,0.029,0.06,0.138,0.212,0.102,0.051,0.046,,18646894,0.781,0.139,0.078,0.002,,13103114,0.047,0.039,0.069,0.071,0.1,0.153,0.123,0.171,0.094,0.133,78672,111622,0.809,111920,0.28,19597,0.185,34737,0.061,10262,0.033,4684,0.09,8986666,0.031,0.021,0.056,0.064,0.097,0.152,0.128,0.187,0.108,0.157,89798,124332,38576,4116448,50894,76668,38176,58031,50693,,38838726,0.928,0.643,0.38,0.072,9465391,0.033,23824911,18470670,17370196,0.907,0.778,0.153,0.093,1100474,0.82,0.423,0.426,0.18,5354241,0.883,0.501,0.434,0.117,,0.09,0.133,0.106,0.054,0.073,0.046,0.215,0.31,0.329,0.126,0.168,0.165,0.17,0.163,0.113,0.116,0.103,0.099,0.249
CO,,4568027,0.682,0.674,0.643,0.031,0.008,0.318,3079769,0.046,2277125,0.63,0.627,0.599,386461,0.648,819846,0.723,,2919907,0.729,0.086,0.028,0.028,0.021,0.108,25.8,,2937047,0.435,0.165,0.209,0.091,0.1,,2937047,0.022,0.081,0.068,0.023,0.106,0.048,0.027,0.071,0.143,0.212,0.104,0.049,0.046,,2937047,0.8,0.136,0.063,0.002,,2137402,0.045,0.031,0.066,0.072,0.11,0.174,0.136,0.182,0.087,0.096,75231,100933,0.817,99714,0.261,20118,0.196,32379,0.034,10428,0.021,3339,0.072,1358903,0.024,0.016,0.039,0.054,0.094,0.166,0.148,0.219,0.113,0.128,92752,119073,39545,778499,47627,65208,39394,58307,48212,,5588760,0.922,0.705,0.325,0.078,1331681,0.048,3464315,2823720,2699614,0.902,0.815,0.116,0.098,124106,0.797,0.455,0.379,0.203,640595,0.882,0.563,0.385,0.118,,0.061,0.095,0.087,0.034,0.046,0.038,0.198,0.267,0.334,0.098,0.115,0.112,0.123,0.108,0.093,0.097,0.074,0.068,0.205
CT,,2927839,0.66,0.657,0.617,0.04,0.003,0.34,1923759,0.06,1513619,0.618,0.617,0.582,213009,0.732,496941,0.769,,1777570,0.763,0.078,0.044,0.027,0.013,0.076,26.7,,1807525,0.445,0.173,0.209,0.072,0.102,,1807525,0.004,0.061,0.105,0.024,0.105,0.043,0.02,0.091,0.117,0.265,0.083,0.046,0.037,,1807525,0.808,0.128,0.063,0.002,,1385437,0.049,0.034,0.068,0.069,0.1,0.154,0.122,0.176,0.096,0.132,79855,115337,0.787,117845,0.317,21670,0.219,32052,0.047,10210,0.033,4078,0.116,902996,0.027,0.016,0.042,0.051,0.083,0.143,0.126,0.21,0.123,0.178,102061,139506,45668,482441,45539,65681,42996,68716,55546,,3520172,0.949,0.713,0.357,0.051,786563,0.029,2138383,1737273,1636600,0.934,0.83,0.125,0.066,100673,0.869,0.448,0.453,0.131,401110,0.92,0.563,0.412,0.08,,0.067,0.109,0.083,0.027,0.037,0.024,0.207,0.287,0.267,0.098,0.13,0.127,0.14,0.123,0.089,0.094,0.072,0.071,0.206
DE,,787102,0.622,0.616,0.58,0.036,0.005,0.378,485206,0.058,410713,0.582,0.581,0.548,61236,0.711,130671,0.763,,451927,0.788,0.086,0.022,0.021,0.011,0.072,26.2,,456872,0.408,0.172,0.216,0.088,0.117,,456872,0.01,0.069,0.08,0.021,0.117,0.058,0.013,0.094,0.101,0.25,0.088,0.042,0.056,,456872,0.803,0.152,0.043,0.002,,370953,0.052,0.035,0.068,0.089,0.117,0.177,0.139,0.17,0.077,0.076,69110,92308,0.761,91001,0.358,22546,0.279,31283,0.046,10707,0.025,2213,0.106,243012,0.029,0.018,0.046,0.063,0.106,0.176,0.153,0.21,0.099,0.1,84825,107809,36574,127941,41157,57350,37369,56025,47363,,951930,0.942,0.718,0.389,0.058,217221,0.038,556662,437733,413577,0.922,0.831,0.123,0.078,24156,0.848,0.451,0.436,0.152,118929,0.914,0.562,0.441,0.086,,0.077,0.135,0.131,0.037,0.054,0.036,0.215,0.301,0.327,0.114,0.172,0.168,0.203,0.156,0.099,0.109,0.065,0.087,0.224
DC,,586181,0.707,0.702,0.652,0.05,0.005,0.293,411398,0.071,311929,0.691,0.689,0.639,50225,0.773,67977,0.783,,379090,0.321,0.049,0.315,0.125,0.067,0.123,30.9,,382108,0.655,0.136,0.145,0.027,0.037,,382108,0.002,0.028,0.011,0.006,0.046,0.033,0.036,0.064,0.24,0.182,0.09,0.095,0.168,,382108,0.707,0.248,0.043,0.002,,288307,0.084,0.039,0.054,0.055,0.072,0.124,0.106,0.164,0.103,0.198,90842,133587,0.815,140854,0.193,17174,0.153,43080,0.049,9380,0.036,3414,0.122,123496,0.058,0.027,0.048,0.049,0.068,0.099,0.085,0.142,0.119,0.304,120337,173874,58659,164811,75477,100305,59677,84061,73682,,692059,0.963,0.708,0.355,0.037,136567,0.02,471986,384634,357547,0.961,0.859,0.123,0.039,27087,0.905,0.349,0.602,0.095,87352,0.935,0.492,0.505,0.065,,0.113,0.179,0.105,0.032,0.044,0.009,0.27,0.347,0.315,0.155,0.228,0.227,0.195,0.244,0.138,0.138,0.137,0.133,0.189
FL,,17486583,0.589,0.586,0.554,0.032,0.004,0.411,10240825,0.054,9016476,0.545,0.544,0.514,1291440,0.681,2688319,0.726,,9559753,0.777,0.092,0.016,0.014,0.023,0.078,27.9,,9684712,0.364,0.196,0.243,0.093,0.104,,9684712,0.009,0.079,0.051,0.026,0.125,0.058,0.017,0.077,0.133,0.211,0.12,0.053,0.043,,9684712,0.822,0.117,0.059,0.002,,7931313,0.062,0.042,0.093,0.099,0.138,0.183,0.125,0.137,0.056,0.064,57703,83104,0.727,82864,0.376,20545,0.227,30158,0.05,10060,0.022,2600,0.132,5118059,0.037,0.023,0.066,0.086,0.133,0.191,0.142,0.167,0.072,0.083,69670,96492,32848,2813254,36698,54817,32098,45980,39541,,20897188,0.873,0.629,0.369,0.127,4455752,0.072,12163183,9367241,8877117,0.832,0.781,0.077,0.168,490124,0.603,0.413,0.217,0.397,2795942,0.79,0.509,0.349,0.21,,0.094,0.152,0.138,0.055,0.074,0.057,0.227,0.318,0.342,0.133,0.187,0.183,0.202,0.176,0.12,0.125,0.105,0.105,0.245
GA,,8296817,0.633,0.627,0.592,0.035,0.006,0.367,5201775,0.056,4313854,0.588,0.586,0.552,745128,0.669,1608414,0.721,,4852255,0.777,0.093,0.019,0.015,0.018,0.078,28.7,,4910269,0.385,0.16,0.22,0.088,0.147,,4910269,0.011,0.066,0.105,0.028,0.113,0.067,0.023,0.064,0.127,0.209,0.092,0.047,0.048,,4910269,0.801,0.143,0.054,0.002,,3830264,0.066,0.042,0.09,0.093,0.125,0.176,0.127,0.149,0.063,0.071,61224,85691,0.791,87339,0.293,19624,0.196,27961,0.053,10034,0.017,2728,0.122,2565233,0.041,0.024,0.068,0.08,0.115,0.177,0.141,0.181,0.081,0.092,74127,99832,32427,1265031,37306,53355,34603,51053,41521,,10321846,0.87,0.665,0.311,0.13,2658741,0.074,6233591,4813737,4557063,0.845,0.81,0.061,0.155,256674,0.584,0.419,0.193,0.416,1419854,0.773,0.519,0.331,0.227,,0.106,0.161,0.152,0.051,0.068,0.055,0.269,0.355,0.375,0.143,0.201,0.198,0.222,0.19,0.124,0.129,0.101,0.119,0.253
HI,,1148836,0.653,0.615,0.587,0.028,0.038,0.347,706640,0.046,576086,0.608,0.598,0.571,98917,0.652,181963,0.743,,698429,0.676,0.134,0.055,0.046,0.031,0.058,27.1,,674453,0.357,0.23,0.229,0.092,0.093,,674453,0.014,0.073,0.029,0.022,0.113,0.062,0.015,0.066,0.103,0.213,0.16,0.043,0.088,,674453,0.725,0.204,0.069,0.002,,467932,0.049,0.027,0.055,0.063,0.097,0.161,0.137,0.195,0.105,0.113,83173,107348,0.806,101001,0.363,20747,0.268,32294,0.041,10081,0.035,4967,0.107,324482,0.027,0.015,0.037,0.049,0.085,0.15,0.15,0.23,0.127,0.131,97813,120352,37013,143450,49031,67432,39448,53956,45426,,1365172,0.961,0.769,0.356,0.039,317280,0.027,791055,635677,607290,0.961,0.893,0.105,0.039,28387,0.85,0.531,0.349,0.15,155378,0.903,0.583,0.396,0.097,,0.063,0.095,0.087,0.035,0.039,0.03,0.165,0.254,0.289,0.093,0.117,0.112,0.13,0.105,0.086,0.087,0.083,0.063,0.227
ID,,1360062,0.631,0.628,0.602,0.026,0.003,0.369,854040,0.042,682544,0.571,0.57,0.546,134223,0.576,290848,0.674,,807123,0.778,0.093,0.006,0.025,0.02,0.078,21.2,,818085,0.36,0.169,0.218,0.122,0.131,,818085,0.048,0.082,0.096,0.027,0.119,0.05,0.016,0.057,0.098,0.223,0.09,0.046,0.049,,818085,0.778,0.146,0.073,0.002,,649299,0.05,0.04,0.092,0.097,0.14,0.209,0.131,0.145,0.05,0.047,58915,77399,0.776,76282,0.326,20552,0.217,24752,0.046,10552,0.029,2563,0.09,441391,0.027,0.02,0.058,0.08,0.129,0.222,0.154,0.183,0.063,0.064,70885,90514,29494,207908,34270,46050,30843,49618,37128,,1732106,0.896,0.701,0.328,0.104,469258,0.053,989313,773496,743887,0.859,0.817,0.072,0.141,29609,0.622,0.459,0.203,0.378,215817,0.825,0.583,0.327,0.175,,0.081,0.126,0.137,0.049,0.065,0.085,0.268,0.359,0.417,0.119,0.144,0.14,0.176,0.127,0.111,0.12,0.079,0.089,0.26
IL,,10193604,0.652,0.651,0.612,0.039,0.002,0.348,6631897,0.06,5235050,0.606,0.605,0.57,870754,0.7,1863547,0.745,,6129176,0.715,0.078,0.088,0.028,0.018,0.072,29,,6236755,0.398,0.168,0.215,0.072,0.147,,6236755,0.01,0.054,0.117,0.029,0.105,0.067,0.018,0.073,0.121,0.233,0.088,0.047,0.037,,6236755,0.831,0.122,0.046,0.002,,4884061,0.061,0.037,0.081,0.081,0.112,0.167,0.129,0.166,0.078,0.088,68428,95115,0.784,97662,0.292,20054,0.203,31223,0.046,10336,0.023,3047,0.124,3116415,0.033,0.02,0.053,0.063,0.1,0.163,0.142,0.205,0.102,0.119,86251,113734,37306,1767646,40774,58782,38645,59310,47045,,12536614,0.932,0.706,0.337,0.068,3023805,0.031,7587045,6089470,5740280,0.915,0.835,0.1,0.085,349190,0.793,0.423,0.395,0.207,1497575,0.878,0.549,0.38,0.122,,0.084,0.133,0.126,0.038,0.051,0.038,0.248,0.337,0.391,0.12,0.162,0.159,0.176,0.152,0.108,0.113,0.088,0.093,0.23
IN,,5306367,0.638,0.637,0.607,0.03,0.001,0.362,3379544,0.047,2719489,0.591,0.59,0.563,478219,0.681,1000714,0.728,,3158697,0.813,0.09,0.009,0.021,0.013,0.055,23.9,,3219679,0.351,0.161,0.206,0.087,0.195,,3219679,0.012,0.062,0.187,0.025,0.108,0.057,0.014,0.052,0.085,0.233,0.086,0.046,0.035,,3219679,0.845,0.108,0.045,0.002,,2602770,0.059,0.041,0.095,0.099,0.136,0.192,0.135,0.147,0.052,0.045,58235,76984,0.777,78726,0.321,20596,0.217,20542,0.05,10664,0.017,2930,0.093,1679392,0.035,0.022,0.055,0.076,0.121,0.204,0.163,0.191,0.071,0.062,73265,91731,30693,923378,33840,46705,34065,52374,39800,,6597701,0.92,0.706,0.336,0.08,1664343,0.063,3918547,3084707,2945996,0.906,0.84,0.09,0.094,138711,0.732,0.419,0.346,0.268,833840,0.876,0.52,0.426,0.124,,0.089,0.149,0.162,0.04,0.058,0.051,0.278,0.37,0.444,0.129,0.176,0.172,0.199,0.162,0.115,0.125,0.074,0.099,0.25
IA,,2504540,0.671,0.67,0.643,0.026,0.001,0.329,1677262,0.039,1268807,0.627,0.627,0.603,228292,0.757,467381,0.808,,1583657,0.802,0.08,0.009,0.031,0.013,0.064,19.5,,1611524,0.372,0.159,0.204,0.096,0.17,,1611524,0.038,0.065,0.147,0.028,0.115,0.05,0.016,0.078,0.074,0.243,0.072,0.044,0.031,,1611524,0.799,0.135,0.064,0.002,,1273941,0.051,0.04,0.086,0.093,0.131,0.191,0.143,0.159,0.056,0.05,61836,80316,0.786,80374,0.314,20443,0.2,22308,0.041,10396,0.021,2780,0.098,800738,0.028,0.018,0.048,0.066,0.113,0.197,0.173,0.21,0.078,0.07,79186,97161,33021,473203,36253,48489,35457,52790,41357,,3106492,0.953,0.747,0.352,0.047,770491,0.028,1821025,1510276,1454714,0.941,0.863,0.108,0.059,55562,0.813,0.451,0.407,0.187,310749,0.913,0.561,0.432,0.087,,0.071,0.117,0.136,0.032,0.043,0.038,0.266,0.336,0.449,0.111,0.133,0.129,0.155,0.12,0.104,0.114,0.07,0.077,0.235
KS,,2285921,0.666,0.659,0.632,0.027,0.008,0.334,1505433,0.041,1155131,0.616,0.615,0.591,220624,0.69,453102,0.763,,1436563,0.807,0.089,0.004,0.022,0.013,0.064,19.6,,1444074,0.392,0.163,0.204,0.095,0.145,,1444074,0.031,0.064,0.125,0.028,0.105,0.051,0.018,0.063,0.097,0.247,0.082,0.045,0.045,,1444074,0.778,0.158,0.061,0.002,,1141985,0.053,0.04,0.087,0.096,0.135,0.187,0.135,0.151,0.059,0.057,61091,82103,0.793,82149,0.306,20694,0.206,23294,0.041,9778,0.017,2965,0.072,737611,0.027,0.019,0.052,0.071,0.116,0.196,0.161,0.199,0.08,0.079,77620,99062,32798,404374,34826,47937,34481,51978,40776,,2853649,0.913,0.75,0.293,0.087,745240,0.051,1665957,1357002,1305107,0.896,0.865,0.058,0.104,51895,0.616,0.469,0.181,0.384,308955,0.829,0.592,0.317,0.171,,0.076,0.119,0.142,0.037,0.048,0.051,0.256,0.326,0.439,0.114,0.139,0.136,0.157,0.127,0.106,0.114,0.077,0.083,0.243
KY,,3567512,0.595,0.591,0.559,0.032,0.004,0.405,2107184,0.054,1828971,0.552,0.551,0.522,305128,0.678,618586,0.708,,1962584,0.812,0.092,0.009,0.021,0.013,0.053,23.7,,1993889,0.352,0.162,0.212,0.09,0.184,,1993889,0.019,0.061,0.143,0.024,0.117,0.065,0.015,0.057,0.086,0.241,0.085,0.045,0.043,,1993889,0.803,0.143,0.052,0.002,,1748053,0.081,0.055,0.104,0.104,0.135,0.18,0.124,0.13,0.045,0.042,52238,72318,0.729,74856,0.355,18668,0.23,24419,0.074,9599,0.019,2863,0.13,1139116,0.052,0.031,0.074,0.087,0.128,0.192,0.149,0.169,0.061,0.057,65893,85749,29123,608937,30352,44083,32148,49210,38782,,4379339,0.944,0.65,0.43,0.056,1065464,0.039,2606613,1922085,1822877,0.928,0.813,0.149,0.072,99208,0.808,0.341,0.503,0.192,684528,0.922,0.421,0.589,0.078,,0.123,0.189,0.194,0.064,0.085,0.067,0.332,0.432,0.517,0.166,0.222,0.217,0.245,0.207,0.15,0.16,0.11,0.133,0.299
LA,,3688107,0.592,0.587,0.549,0.039,0.005,0.408,2166003,0.066,1907887,0.553,0.552,0.518,345912,0.688,679816,0.727,,2002968,0.819,0.09,0.011,0.018,0.019,0.042,25.8,,2023915,0.353,0.188,0.217,0.111,0.131,,2023915,0.037,0.081,0.076,0.026,0.114,0.056,0.015,0.051,0.092,0.245,0.103,0.051,0.053,,2023915,0.784,0.152,0.062,0.002,,1751956,0.089,0.055,0.122,0.102,0.125,0.163,0.114,0.13,0.053,0.047,50800,73759,0.737,77356,0.318,17983,0.206,26512,0.071,9693,0.019,2942,0.153,1116752,0.055,0.033,0.091,0.089,0.119,0.173,0.134,0.168,0.072,0.065,65427,88371,29522,635204,28909,45261,32723,52911,37701,,4556953,0.913,0.602,0.425,0.087,1154339,0.037,2703788,1987543,1861203,0.885,0.776,0.141,0.115,126340,0.709,0.298,0.444,0.291,716245,0.864,0.424,0.512,0.136,,0.142,0.224,0.222,0.058,0.079,0.069,0.357,0.463,0.521,0.186,0.263,0.261,0.292,0.25,0.162,0.174,0.119,0.159,0.301
ME,,1120778,0.63,0.628,0.603,0.025,0.002,0.37,704226,0.04,577596,0.596,0.596,0.576,74285,0.701,161991,0.774,,662547,0.772,0.092,0.005,0.037,0.013,0.081,24.3,,675784,0.388,0.174,0.21,0.108,0.12,,675784,0.024,0.073,0.087,0.02,0.129,0.041,0.016,0.063,0.092,0.28,0.084,0.046,0.044,,675784,0.779,0.134,0.084,0.002,,569551,0.053,0.049,0.097,0.093,0.131,0.185,0.138,0.15,0.055,0.049,59489,78301,0.743,78422,0.372,19174,0.23,25545,0.061,10115,0.028,2592,0.126,349955,0.025,0.02,0.054,0.075,0.122,0.196,0.17,0.195,0.075,0.068,76192,94310,33774,219596,34126,48945,34238,51630,42188,,1325025,0.924,0.708,0.372,0.076,266859,0.05,789458,627595,604315,0.896,0.836,0.092,0.104,23280,0.701,0.425,0.318,0.299,161863,0.89,0.481,0.505,0.11,,0.067,0.119,0.116,0.033,0.044,0.031,0.223,0.314,0.381,0.111,0.14,0.134,0.154,0.127,0.104,0.11,0.085,0.071,0.234
MD,,4846076,0.676,0.669,0.635,0.035,0.007,0.324,3243851,0.052,2527082,0.636,0.633,0.6,416528,0.739,859956,0.78,,3047112,0.721,0.086,0.074,0.021,0.016,0.081,33,,3076280,0.472,0.166,0.195,0.078,0.089,,3076280,0.005,0.071,0.045,0.017,0.093,0.048,0.019,0.061,0.158,0.237,0.081,0.054,0.109,,3076280,0.731,0.217,0.05,0.002,,2230527,0.046,0.026,0.056,0.061,0.093,0.152,0.13,0.193,0.108,0.134,87063,114236,0.814,114293,0.285,20700,0.236,35732,0.045,10223,0.023,3203,0.101,1479378,0.026,0.013,0.035,0.048,0.077,0.137,0.134,0.219,0.134,0.178,105790,133817,43352,751149,52712,70298,45841,66093,56623,,5938200,0.941,0.745,0.327,0.059,1417908,0.035,3612875,2961704,2814656,0.928,0.85,0.106,0.072,147048,0.821,0.467,0.391,0.179,651171,0.902,0.579,0.399,0.098,,0.059,0.092,0.081,0.027,0.033,0.025,0.163,0.235,0.263,0.09,0.116,0.113,0.124,0.109,0.083,0.084,0.079,0.065,0.199
MA,,5678025,0.672,0.671,0.637,0.034,0.001,0.328,3809494,0.051,2953040,0.634,0.634,0.604,413053,0.739,894001,0.776,,3544318,0.68,0.073,0.095,0.048,0.021,0.083,30,,3615725,0.48,0.168,0.194,0.066,0.092,,3615725,0.004,0.058,0.088,0.022,0.101,0.04,0.022,0.073,0.144,0.282,0.082,0.045,0.038,,3615725,0.819,0.123,0.057,0.002,,2646980,0.05,0.041,0.068,0.064,0.09,0.139,0.12,0.18,0.106,0.143,84385,115964,0.792,120626,0.302,19928,0.193,31198,0.059,10248,0.028,3806,0.116,1673992,0.028,0.017,0.041,0.05,0.078,0.129,0.124,0.209,0.133,0.19,106526,139154,45555,972988,48876,71190,44845,71096,57737,,6800682,0.973,0.745,0.361,0.027,1464881,0.015,4235014,3449829,3282376,0.967,0.851,0.144,0.033,167453,0.905,0.494,0.457,0.095,785185,0.955,0.561,0.47,0.045,,0.066,0.103,0.096,0.028,0.032,0.029,0.205,0.292,0.342,0.098,0.122,0.119,0.134,0.114,0.092,0.093,0.089,0.068,0.208
MI,,8070619,0.615,0.614,0.577,0.037,0.001,0.385,4956499,0.06,4133905,0.572,0.572,0.54,658450,0.67,1399687,0.719,,4560759,0.807,0.086,0.013,0.022,0.013,0.06,24.6,,4658357,0.376,0.173,0.207,0.079,0.166,,4658357,0.011,0.055,0.186,0.024,0.107,0.044,0.013,0.056,0.097,0.234,0.092,0.046,0.035,,4658357,0.842,0.107,0.05,0.002,,3980408,0.064,0.041,0.092,0.096,0.133,0.182,0.129,0.146,0.059,0.057,59234,80803,0.744,83024,0.349,20958,0.251,24389,0.06,10364,0.025,2755,0.127,2526437,0.036,0.023,0.058,0.074,0.117,0.189,0.153,0.19,0.081,0.079,75470,97175,32854,1453971,35002,49045,33534,54763,42471,,9866076,0.946,0.715,0.387,0.054,2293655,0.031,5897881,4541963,4281906,0.929,0.831,0.125,0.071,260057,0.819,0.397,0.452,0.181,1355918,0.927,0.534,0.485,0.073,,0.092,0.156,0.168,0.043,0.063,0.056,0.268,0.372,0.454,0.137,0.188,0.184,0.219,0.171,0.123,0.134,0.085,0.104,0.261
MN,,4444556,0.693,0.692,0.665,0.026,0.001,0.307,3074732,0.038,2245818,0.656,0.656,0.634,408941,0.763,839394,0.803,,2903106,0.76,0.081,0.032,0.026,0.015,0.086,23.8,,2957615,0.422,0.158,0.204,0.08,0.136,,2957615,0.021,0.061,0.134,0.028,0.108,0.047,0.016,0.073,0.1,0.255,0.079,0.043,0.036,,2957615,0.823,0.122,0.054,0.002,,2207988,0.041,0.034,0.07,0.075,0.115,0.174,0.141,0.183,0.082,0.085,73382,96814,0.799,98477,0.294,21156,0.2,26385,0.041,10706,0.032,3038,0.075,1404798,0.021,0.014,0.038,0.054,0.094,0.165,0.158,0.23,0.11,0.117,92692,116714,38881,803190,42913,57891,40505,59850,48961,,5541421,0.955,0.763,0.33,0.045,1374076,0.033,3309779,2799545,2698342,0.946,0.856,0.116,0.054,101203,0.847,0.48,0.399,0.153,510234,0.916,0.563,0.426,0.084,,0.056,0.092,0.088,0.025,0.034,0.023,0.214,0.277,0.344,0.093,0.116,0.112,0.119,0.11,0.086,0.09,0.071,0.064,0.202
MS,,2357026,0.573,0.568,0.527,0.04,0.006,0.427,1338474,0.071,1232063,0.539,0.538,0.498,208236,0.696,443171,0.723,,1230952,0.846,0.092,0.003,0.013,0.015,0.03,25.2,,1243095,0.331,0.178,0.208,0.104,0.179,,1243095,0.023,0.067,0.132,0.024,0.113,0.065,0.012,0.045,0.069,0.254,0.095,0.047,0.053,,1243095,0.757,0.185,0.055,0.003,,1116649,0.094,0.067,0.123,0.11,0.135,0.17,0.114,0.112,0.041,0.034,46511,65156,0.723,67937,0.354,18416,0.214,23347,0.076,9583,0.022,2771,0.146,740489,0.06,0.037,0.094,0.101,0.133,0.187,0.141,0.148,0.056,0.044,58923,77072,25444,376160,25314,39215,30484,45599,34304,,2912057,0.88,0.606,0.39,0.12,749257,0.051,1702362,1230763,1146308,0.855,0.815,0.068,0.145,84455,0.511,0.306,0.227,0.489,471599,0.782,0.416,0.443,0.218,,0.15,0.233,0.211,0.061,0.081,0.085,0.37,0.476,0.432,0.196,0.276,0.273,0.293,0.266,0.17,0.182,0.128,0.168,0.329
MO,,4903578,0.63,0.626,0.598,0.028,0.004,0.37,3071591,0.045,2524310,0.591,0.589,0.564,423047,0.7,869169,0.751,,2897593,0.808,0.084,0.012,0.019,0.012,0.066,23.9,,2932918,0.379,0.168,0.219,0.088,0.147,,2932918,0.017,0.065,0.114,0.027,0.115,0.056,0.018,0.071,0.098,0.241,0.088,0.047,0.043,,2932918,0.819,0.123,0.056,0.002,,2440212,0.061,0.045,0.096,0.1,0.137,0.185,0.13,0.142,0.053,0.052,57290,78194,0.761,79654,0.331,19816,0.223,24125,0.053,9981,0.019,2783,0.105,1551056,0.033,0.023,0.062,0.077,0.125,0.195,0.156,0.185,0.073,0.071,72834,93919,31839,889156,33731,47519,33811,50942,40176,,6011968,0.906,0.707,0.319,0.094,1454835,0.058,3560835,2796098,2675261,0.888,0.852,0.06,0.112,120837,0.599,0.426,0.202,0.401,764737,0.833,0.525,0.381,0.167,,0.089,0.142,0.149,0.043,0.057,0.049,0.259,0.349,0.409,0.13,0.174,0.169,0.193,0.16,0.117,0.126,0.086,0.099,0.25
MT,,859185,0.635,0.632,0.605,0.026,0.004,0.365,542584,0.042,429098,0.598,0.596,0.574,69362,0.641,144675,0.731,,512202,0.752,0.092,0.007,0.046,0.022,0.08,18.4,,520043,0.375,0.188,0.209,0.118,0.11,,520043,0.064,0.082,0.05,0.021,0.123,0.052,0.016,0.054,0.088,0.232,0.114,0.048,0.056,,520043,0.747,0.164,0.086,0.003,,436048,0.057,0.049,0.096,0.105,0.135,0.192,0.128,0.138,0.054,0.047,56539,76834,0.763,74677,0.343,19278,0.215,25463,0.038,9671,0.025,3237,0.093,267258,0.029,0.019,0.06,0.079,0.125,0.203,0.158,0.188,0.073,0.066,72773,94034,32463,168790,33606,47098,31067,49939,38332,,1046670,0.916,0.668,0.397,0.084,240362,0.06,612864,488329,468968,0.891,0.793,0.138,0.109,19361,0.75,0.386,0.398,0.25,124535,0.863,0.528,0.416,0.137,,0.077,0.131,0.161,0.043,0.065,0.073,0.26,0.346,0.447,0.128,0.152,0.147,0.17,0.138,0.121,0.131,0.089,0.088,0.26
NE,,1500813,0.693,0.69,0.666,0.023,0.004,0.307,1034886,0.034,758266,0.648,0.646,0.625,152669,0.75,300932,0.797,,987536,0.807,0.09,0.006,0.025,0.012,0.06,18.9,,999772,0.388,0.159,0.212,0.099,0.142,,999772,0.044,0.07,0.102,0.026,0.11,0.059,0.018,0.076,0.089,0.245,0.074,0.045,0.042,,999772,0.795,0.141,0.062,0.002,,766663,0.05,0.038,0.082,0.092,0.133,0.193,0.141,0.159,0.061,0.052,63015,82306,0.81,81639,0.293,20680,0.174,23821,0.038,10221,0.019,2694,0.081,488849,0.023,0.017,0.046,0.066,0.113,0.197,0.169,0.211,0.085,0.072,80125,99693,33205,277814,36396,48247,35283,52186,40911,,1894327,0.919,0.758,0.282,0.081,500238,0.052,1103090,930219,901798,0.905,0.873,0.057,0.095,28421,0.627,0.467,0.195,0.373,172871,0.821,0.585,0.313,0.179,,0.066,0.106,0.117,0.031,0.042,0.036,0.234,0.301,0.378,0.104,0.122,0.118,0.14,0.109,0.098,0.103,0.078,0.072,0.228
NV,,2419552,0.634,0.63,0.589,0.041,0.004,0.366,1525262,0.066,1210432,0.586,0.584,0.545,209396,0.649,439281,0.709,,1402593,0.768,0.106,0.029,0.016,0.023,0.058,24.6,,1425040,0.309,0.251,0.229,0.09,0.12,,1425040,0.014,0.072,0.048,0.021,0.115,0.062,0.015,0.056,0.115,0.163,0.231,0.046,0.042,,1425040,0.824,0.119,0.055,0.002,,1130011,0.059,0.035,0.085,0.091,0.133,0.185,0.137,0.154,0.062,0.059,62043,84350,0.779,83701,0.305,19749,0.211,31171,0.041,10531,0.03,2968,0.116,720213,0.035,0.019,0.06,0.078,0.124,0.191,0.157,0.185,0.077,0.075,74077,96532,32629,409798,40355,57846,34822,48506,41103,,2993632,0.888,0.651,0.344,0.112,720745,0.077,1799167,1408225,1320429,0.864,0.788,0.106,0.136,87796,0.742,0.419,0.355,0.258,390942,0.82,0.493,0.397,0.18,,0.09,0.14,0.127,0.049,0.068,0.044,0.224,0.307,0.333,0.128,0.176,0.172,0.193,0.164,0.114,0.119,0.092,0.101,0.23
NH,,1130008,0.673,0.671,0.646,0.025,0.002,0.327,758702,0.038,573353,0.632,0.632,0.611,74242,0.743,171297,0.769,,715564,0.795,0.077,0.008,0.025,0.012,0.083,27.4,,730223,0.419,0.16,0.213,0.087,0.12,,730223,0.008,0.069,0.126,0.026,0.122,0.037,0.019,0.063,0.112,0.247,0.087,0.043,0.041,,730223,0.801,0.131,0.066,0.002,,539116,0.037,0.03,0.067,0.075,0.102,0.171,0.141,0.189,0.092,0.097,77923,101292,0.796,101744,0.338,21370,0.226,26395,0.046,11003,0.024,3338,0.064,351445,0.018,0.013,0.034,0.048,0.085,0.163,0.155,0.235,0.12,0.129,97001,120331,41234,187671,43777,60485,40797,61507,49178,,1338372,0.94,0.767,0.315,0.06,276273,0.029,825171,681209,656974,0.919,0.865,0.077,0.081,24235,0.771,0.506,0.295,0.229,143962,0.91,0.589,0.399,0.09,,0.046,0.078,0.076,0.02,0.019,0.013,0.177,0.259,0.309,0.074,0.089,0.084,0.097,0.08,0.071,0.073,0.061,0.046,0.18
NJ,,7161184,0.658,0.656,0.618,0.038,0.001,0.342,4698414,0.058,3699931,0.606,0.605,0.57,604836,0.694,1279095,0.739,,4332443,0.696,0.078,0.108,0.026,0.019,0.073,32,,4426619,0.442,0.157,0.217,0.07,0.115,,4426619,0.003,0.059,0.081,0.033,0.107,0.064,0.026,0.085,0.137,0.241,0.078,0.042,0.044,,4426619,0.816,0.137,0.046,0.001,,3272054,0.047,0.031,0.067,0.066,0.09,0.145,0.123,0.178,0.104,0.148,85245,117868,0.8,121592,0.314,21787,0.212,30660,0.044,10639,0.019,3495,0.084,2247306,0.027,0.016,0.044,0.052,0.078,0.133,0.126,0.204,0.128,0.192,104804,138130,44153,1024748,47603,68157,44780,69629,54975,,8780160,0.924,0.726,0.314,0.076,2059449,0.039,5316119,4291592,4051473,0.904,0.835,0.086,0.096,240119,0.772,0.503,0.296,0.228,1024527,0.879,0.586,0.356,0.121,,0.07,0.107,0.094,0.034,0.044,0.038,0.2,0.295,0.318,0.097,0.133,0.131,0.144,0.126,0.086,0.087,0.084,0.075,0.205
NM,,1672029,0.576,0.569,0.532,0.037,0.007,0.424,951773,0.066,850766,0.537,0.535,0.502,139845,0.624,310706,0.677,,886239,0.791,0.1,0.01,0.019,0.016,0.064,22.7,,889193,0.378,0.197,0.218,0.108,0.1,,889193,0.04,0.072,0.04,0.018,0.111,0.044,0.014,0.048,0.116,0.257,0.108,0.056,0.076,,889193,0.707,0.225,0.065,0.002,,792755,0.084,0.057,0.112,0.103,0.132,0.178,0.117,0.128,0.047,0.041,51243,70241,0.728,70273,0.351,18611,0.23,29707,0.063,9705,0.034,2617,0.17,496734,0.054,0.034,0.087,0.093,0.13,0.189,0.134,0.16,0.063,0.056,62611,82405,27945,296021,31640,46248,30357,46369,37898,,2060539,0.905,0.546,0.492,0.095,510571,0.057,1190230,866619,811625,0.871,0.7,0.216,0.129,54994,0.797,0.291,0.547,0.203,323611,0.856,0.39,0.541,0.144,,0.142,0.225,0.254,0.078,0.115,0.118,0.316,0.417,0.499,0.186,0.256,0.252,0.299,0.236,0.164,0.176,0.124,0.159,0.288
NY,,15908940,0.631,0.629,0.593,0.036,0.001,0.369,10009209,0.057,8278421,0.587,0.587,0.555,1300315,0.672,2570072,0.71,,9219025,0.523,0.064,0.262,0.059,0.022,0.069,33.5,,9438639,0.426,0.196,0.21,0.07,0.098,,9438639,0.006,0.057,0.06,0.022,0.099,0.055,0.028,0.081,0.122,0.283,0.09,0.048,0.048,,9438639,0.784,0.158,0.057,0.001,,7417224,0.064,0.046,0.081,0.076,0.104,0.151,0.12,0.16,0.084,0.115,71117,105304,0.773,110284,0.316,20171,0.212,30326,0.062,9826,0.035,3785,0.143,4670153,0.038,0.025,0.058,0.064,0.096,0.15,0.129,0.189,0.103,0.146,87270,123221,40898,2747071,43646,69777,41119,60871,52668,,19276809,0.946,0.676,0.394,0.054,4310934,0.025,11839556,9216920,8706487,0.93,0.802,0.153,0.07,510433,0.853,0.425,0.47,0.147,2622636,0.918,0.505,0.491,0.082,,0.1,0.154,0.135,0.054,0.073,0.058,0.235,0.337,0.348,0.136,0.187,0.183,0.197,0.178,0.122,0.124,0.115,0.108,0.239
NC,,8352255,0.624,0.612,0.579,0.033,0.012,0.376,5112231,0.054,4337607,0.575,0.573,0.542,693571,0.662,1474747,0.718,,4829643,0.793,0.09,0.01,0.017,0.013,0.077,24.9,,4833887,0.389,0.168,0.209,0.09,0.144,,4833887,0.012,0.07,0.121,0.025,0.116,0.048,0.017,0.067,0.112,0.228,0.093,0.05,0.041,,4833887,0.803,0.139,0.056,0.002,,4031592,0.062,0.048,0.097,0.1,0.136,0.18,0.126,0.137,0.054,0.06,56642,79620,0.764,80769,0.327,20098,0.219,25324,0.048,9850,0.016,2691,0.12,2625055,0.038,0.025,0.067,0.084,0.126,0.187,0.147,0.173,0.071,0.081,70978,94483,31993,1406537,34473,48939,33219,48869,40819,,10178084,0.893,0.675,0.346,0.107,2446253,0.053,6082963,4679981,4437621,0.864,0.819,0.073,0.136,242360,0.619,0.417,0.234,0.381,1402982,0.824,0.53,0.378,0.176,,0.1,0.163,0.157,0.047,0.066,0.049,0.281,0.378,0.417,0.14,0.2,0.197,0.221,0.188,0.122,0.13,0.092,0.113,0.251
ND,,599849,0.703,0.691,0.669,0.021,0.012,0.297,414440,0.031,292873,0.652,0.648,0.63,61259,0.743,108709,0.792,,401160,0.808,0.089,0.005,0.032,0.014,0.052,17.6,,401579,0.383,0.171,0.2,0.119,0.128,,401579,0.092,0.074,0.067,0.034,0.113,0.054,0.012,0.057,0.066,0.26,0.079,0.044,0.047,,401579,0.762,0.161,0.074,0.003,,320873,0.056,0.039,0.08,0.084,0.118,0.187,0.141,0.17,0.063,0.06,65315,85506,0.82,84131,0.266,19581,0.155,23347,0.029,10205,0.02,3281,0.066,189465,0.025,0.016,0.044,0.057,0.096,0.175,0.172,0.235,0.094,0.086,86798,106573,36289,131408,39781,52239,38165,54353,42337,,743105,0.928,0.797,0.265,0.072,188147,0.073,444624,375834,364969,0.924,0.879,0.073,0.076,10865,0.709,0.453,0.281,0.291,68790,0.87,0.629,0.309,0.13,,0.062,0.098,0.119,0.031,0.039,0.053,0.239,0.299,0.337,0.105,0.111,0.108,0.125,0.101,0.103,0.107,0.089,0.067,0.226
OH,,9385593,0.632,0.63,0.597,0.033,0.001,0.368,5917459,0.053,4834764,0.589,0.589,0.559,790386,0.696,1654948,0.74,,5496532,0.815,0.076,0.014,0.022,0.012,0.061,23.7,,5603630,0.376,0.169,0.211,0.074,0.169,,5603630,0.01,0.056,0.151,0.026,0.113,0.054,0.015,0.065,0.098,0.242,0.089,0.044,0.039,,5603630,0.828,0.122,0.048,0.002,,4717226,0.066,0.044,0.095,0.096,0.133,0.184,0.13,0.144,0.056,0.052,58116,78797,0.758,80561,0.32,19252,0.237,26316,0.059,10185,0.028,3062,0.126,2952151,0.039,0.024,0.058,0.073,0.118,0.192,0.155,0.189,0.078,0.073,74391,95193,32465,1765075,34626,48115,34649,53293,41886,,11501751,0.938,0.693,0.373,0.062,2747909,0.044,6832293,5382414,5111456,0.925,0.829,0.121,0.075,270958,0.795,0.371,0.449,0.205,1449879,0.905,0.492,0.474,0.095,,0.096,0.161,0.171,0.038,0.052,0.039,0.292,0.393,0.465,0.136,0.191,0.188,0.218,0.176,0.12,0.131,0.082,0.106,0.248
OK,,3097358,0.611,0.605,0.574,0.031,0.006,0.389,1874598,0.051,1575894,0.56,0.558,0.53,295873,0.634,597919,0.694,,1766223,0.816,0.097,0.004,0.017,0.014,0.052,22,,1779157,0.356,0.173,0.219,0.11,0.143,,1779157,0.043,0.071,0.096,0.026,0.115,0.055,0.016,0.055,0.087,0.226,0.096,0.053,0.062,,1779157,0.763,0.17,0.065,0.002,,1493569,0.067,0.047,0.107,0.103,0.141,0.185,0.125,0.133,0.048,0.045,53840,74195,0.76,75085,0.324,19533,0.205,23963,0.054,10172,0.028,2168,0.126,975207,0.043,0.026,0.069,0.089,0.13,0.197,0.149,0.172,0.064,0.06,67511,88048,29873,518362,31846,45056,32256,49185,36821,,3867023,0.856,0.64,0.344,0.144,1007665,0.085,2258481,1706372,1622398,0.828,0.792,0.066,0.172,83974,0.494,0.338,0.18,0.506,552109,0.736,0.457,0.341,0.264,,0.112,0.176,0.18,0.058,0.083,0.065,0.31,0.401,0.478,0.153,0.207,0.204,0.237,0.192,0.135,0.148,0.087,0.124,0.273
OR,,3408422,0.626,0.625,0.591,0.034,0.001,0.374,2130784,0.055,1731469,0.583,0.582,0.551,263193,0.643,556683,0.71,,1976256,0.705,0.094,0.04,0.036,0.031,0.094,23.9,,2014487,0.404,0.176,0.207,0.089,0.124,,2014487,0.031,0.065,0.112,0.026,0.116,0.045,0.017,0.055,0.113,0.234,0.096,0.045,0.046,,2014487,0.789,0.138,0.071,0.002,,1642579,0.054,0.038,0.081,0.087,0.122,0.181,0.133,0.162,0.07,0.072,65667,88137,0.762,88529,0.333,20720,0.222,28565,0.048,10082,0.037,3185,0.15,1034877,0.032,0.017,0.052,0.069,0.111,0.182,0.151,0.199,0.089,0.096,80630,103600,35393,607702,40246,56988,35166,54792,44809,,4135531,0.934,0.684,0.391,0.066,918429,0.035,2493003,1953937,1853299,0.911,0.807,0.138,0.089,100638,0.815,0.403,0.453,0.185,539066,0.9,0.517,0.464,0.1,,0.078,0.127,0.124,0.041,0.058,0.042,0.236,0.328,0.411,0.124,0.15,0.145,0.165,0.137,0.117,0.127,0.08,0.084,0.25
PA,,10456049,0.628,0.627,0.594,0.034,0.001,0.372,6558087,0.054,5383417,0.585,0.585,0.555,810567,0.698,1708363,0.74,,6085959,0.744,0.082,0.052,0.035,0.016,0.071,27.1,,6206839,0.399,0.17,0.208,0.08,0.142,,6206839,0.013,0.06,0.116,0.026,0.11,0.058,0.016,0.066,0.106,0.262,0.081,0.047,0.04,,6206839,0.841,0.107,0.05,0.002,,5106601,0.058,0.04,0.088,0.09,0.121,0.176,0.132,0.157,0.067,0.071,63627,87262,0.757,90412,0.352,20529,0.236,24392,0.056,10277,0.032,2349,0.131,3254545,0.032,0.02,0.051,0.069,0.109,0.18,0.153,0.199,0.09,0.098,80996,105058,35518,1852056,36247,52451,36987,56266,44779,,12590644,0.944,0.727,0.368,0.056,2818899,0.046,7515853,5946202,5642941,0.933,0.857,0.102,0.067,303261,0.813,0.452,0.397,0.187,1569651,0.914,0.551,0.45,0.086,,0.081,0.136,0.127,0.034,0.048,0.035,0.249,0.346,0.373,0.12,0.167,0.164,0.182,0.157,0.107,0.114,0.082,0.09,0.233
RI,,878121,0.65,0.645,0.609,0.036,0.005,0.35,566403,0.055,455492,0.609,0.607,0.576,63700,0.733,132474,0.771,,524196,0.797,0.081,0.022,0.031,0.013,0.055,25.3,,535140,0.405,0.184,0.217,0.075,0.119,,535140,0.005,0.061,0.106,0.022,0.116,0.042,0.015,0.067,0.106,0.274,0.1,0.046,0.04,,535140,0.82,0.129,0.049,0.002,,414730,0.056,0.049,0.081,0.078,0.108,0.158,0.133,0.183,0.078,0.077,70305,92427,0.766,95017,0.332,19444,0.212,27118,0.069,10739,0.043,2824,0.148,257849,0.03,0.021,0.049,0.061,0.093,0.156,0.15,0.229,0.106,0.105,89330,111700,37504,156881,39713,56495,39410,59194,47939,,1041644,0.957,0.716,0.372,0.043,221949,0.024,643999,514635,487290,0.945,0.843,0.127,0.055,27345,0.858,0.465,0.435,0.142,129364,0.942,0.528,0.502,0.058,,0.078,0.129,0.121,0.034,0.05,0.043,0.213,0.299,0.369,0.116,0.156,0.153,0.169,0.147,0.106,0.109,0.093,0.084,0.23
SC,,4111745,0.604,0.595,0.562,0.033,0.009,0.396,2448315,0.055,2143204,0.562,0.559,0.527,329395,0.671,704059,0.73,,2304196,0.815,0.089,0.005,0.019,0.014,0.056,25.1,,2312831,0.358,0.175,0.22,0.092,0.157,,2312831,0.009,0.069,0.134,0.024,0.118,0.053,0.015,0.057,0.105,0.221,0.1,0.051,0.045,,2312831,0.793,0.15,0.055,0.002,,1961481,0.074,0.048,0.099,0.102,0.135,0.182,0.124,0.134,0.052,0.051,54864,76390,0.741,76567,0.357,20386,0.241,26227,0.05,9841,0.014,2675,0.112,1280623,0.043,0.024,0.071,0.086,0.127,0.192,0.146,0.173,0.07,0.068,68813,90694,30727,680858,32023,46724,31942,48718,37883,,4990992,0.896,0.666,0.374,0.104,1172091,0.05,2936212,2231962,2113364,0.867,0.814,0.085,0.133,118598,0.603,0.389,0.245,0.397,704250,0.818,0.506,0.402,0.182,,0.105,0.175,0.16,0.047,0.063,0.047,0.283,0.387,0.405,0.147,0.212,0.209,0.232,0.201,0.128,0.138,0.096,0.118,0.267
SD,,686885,0.679,0.675,0.652,0.024,0.004,0.321,463888,0.035,342123,0.639,0.638,0.619,69944,0.746,132177,0.801,,441356,0.8,0.081,0.005,0.035,0.012,0.067,17.3,,447607,0.373,0.168,0.213,0.108,0.138,,447607,0.064,0.071,0.1,0.028,0.115,0.043,0.015,0.073,0.066,0.24,0.089,0.045,0.049,,447607,0.763,0.155,0.079,0.003,,347878,0.053,0.041,0.087,0.1,0.136,0.191,0.146,0.151,0.051,0.044,59896,77932,0.803,75994,0.304,19016,0.185,24020,0.039,9571,0.022,2741,0.087,218705,0.035,0.017,0.051,0.069,0.113,0.198,0.181,0.205,0.071,0.061,77042,94036,31415,129173,35803,47783,33511,49358,38586,,861933,0.904,0.726,0.307,0.096,226065,0.063,495559,413123,399150,0.891,0.856,0.067,0.109,13973,0.52,0.321,0.214,0.48,82436,0.791,0.529,0.338,0.209,,0.08,0.126,0.137,0.036,0.043,0.037,0.289,0.355,0.416,0.128,0.161,0.157,0.183,0.146,0.117,0.125,0.09,0.098,0.237
TN,,5437242,0.615,0.611,0.579,0.033,0.004,0.385,3324691,0.053,2815096,0.569,0.568,0.536,461928,0.656,945265,0.71,,3103430,0.819,0.088,0.006,0.013,0.012,0.063,25.4,,3147330,0.363,0.165,0.218,0.087,0.167,,3147330,0.01,0.066,0.129,0.025,0.116,0.068,0.016,0.059,0.099,0.226,0.096,0.048,0.042,,3147330,0.797,0.133,0.068,0.002,,2639455,0.067,0.049,0.1,0.102,0.139,0.184,0.125,0.133,0.049,0.051,54833,76937,0.757,78792,0.335,20005,0.212,23715,0.057,10151,0.02,2738,0.126,1726939,0.041,0.026,0.07,0.086,0.129,0.194,0.15,0.17,0.066,0.069,68793,91215,30869,912516,32825,46961,32742,48607,39132,,6664134,0.903,0.667,0.365,0.097,1591799,0.049,3993026,3038991,2883133,0.88,0.817,0.095,0.12,155858,0.634,0.389,0.281,0.366,954035,0.828,0.486,0.429,0.172,,0.106,0.171,0.182,0.051,0.071,0.057,0.297,0.392,0.499,0.146,0.208,0.205,0.241,0.192,0.128,0.138,0.093,0.119,0.262
TX,,22078090,0.648,0.644,0.61,0.034,0.004,0.352,14214242,0.053,11201270,0.583,0.582,0.55,2299353,0.614,4724415,0.679,,13307640,0.787,0.099,0.013,0.015,0.016,0.07,26.6,,13461358,0.378,0.169,0.22,0.105,0.128,,13461358,0.028,0.086,0.084,0.028,0.112,0.06,0.017,0.068,0.117,0.218,0.09,0.051,0.04,,13461358,0.797,0.133,0.068,0.002,,9906070,0.06,0.039,0.084,0.089,0.123,0.176,0.125,0.156,0.07,0.078,63826,89506,0.826,89914,0.256,19267,0.166,27471,0.046,9608,0.017,2964,0.115,6838900,0.039,0.025,0.065,0.077,0.114,0.173,0.136,0.185,0.087,0.099,76073,102456,32177,3067170,39925,56399,35003,51949,41687,,28169961,0.827,0.628,0.286,0.173,7787420,0.112,16871372,13142192,12479044,0.796,0.763,0.055,0.204,663148,0.528,0.406,0.146,0.472,3729180,0.708,0.494,0.268,0.292,,0.109,0.159,0.143,0.06,0.081,0.059,0.277,0.362,0.388,0.142,0.2,0.198,0.218,0.19,0.122,0.125,0.107,0.123,0.245
UT,,2325169,0.688,0.686,0.661,0.025,0.002,0.312,1595452,0.036,1162524,0.613,0.613,0.591,291010,0.529,604455,0.638,,1517044,0.744,0.104,0.022,0.023,0.015,0.091,22,,1537623,0.397,0.149,0.237,0.088,0.129,,1537623,0.015,0.072,0.1,0.024,0.115,0.052,0.02,0.071,0.127,0.224,0.088,0.045,0.047,,1537623,0.804,0.146,0.048,0.002,,1003345,0.036,0.027,0.061,0.072,0.118,0.191,0.154,0.192,0.078,0.07,74197,94452,0.84,93010,0.244,21402,0.183,28632,0.036,10780,0.016,3184,0.062,746286,0.021,0.016,0.039,0.057,0.103,0.194,0.172,0.223,0.093,0.083,84590,105348,30986,257059,41986,57162,33419,56374,40326,,3124563,0.91,0.789,0.213,0.09,977347,0.069,1802208,1453013,1405712,0.898,0.87,0.049,0.102,47301,0.689,0.545,0.166,0.311,349195,0.853,0.682,0.231,0.147,,0.063,0.087,0.107,0.04,0.049,0.063,0.203,0.284,0.383,0.091,0.099,0.096,0.112,0.091,0.088,0.093,0.062,0.065,0.252
VT,,523065,0.654,0.653,0.628,0.025,0.001,0.346,341487,0.038,267374,0.628,0.627,0.609,33659,0.747,75832,0.794,,322116,0.744,0.085,0.012,0.052,0.017,0.09,23.3,,328642,0.431,0.167,0.192,0.101,0.109,,328642,0.027,0.071,0.105,0.019,0.114,0.03,0.017,0.048,0.091,0.287,0.097,0.046,0.05,,328642,0.77,0.146,0.082,0.002,,262852,0.045,0.049,0.086,0.089,0.123,0.183,0.139,0.164,0.061,0.06,63477,83767,0.771,81699,0.358,20481,0.218,24870,0.055,10634,0.03,2694,0.106,157105,0.025,0.018,0.05,0.064,0.105,0.183,0.169,0.216,0.086,0.084,83023,102413,35854,105747,37947,52318,35246,52486,45695,,618184,0.96,0.692,0.418,0.04,125558,0.016,375041,301818,290993,0.939,0.812,0.154,0.061,10825,0.872,0.383,0.503,0.128,73223,0.951,0.509,0.514,0.049,,0.064,0.112,0.12,0.032,0.041,0.043,0.221,0.303,0.385,0.108,0.123,0.117,0.131,0.113,0.104,0.113,0.077,0.066,0.227
VA,,6849454,0.658,0.64,0.61,0.03,0.018,0.342,4382484,0.046,3510500,0.61,0.604,0.576,583651,0.679,1183882,0.741,,4224874,0.749,0.089,0.04,0.024,0.018,0.081,28.6,,4179739,0.453,0.164,0.198,0.08,0.105,,4179739,0.008,0.066,0.071,0.018,0.101,0.045,0.019,0.063,0.159,0.222,0.087,0.053,0.088,,4179739,0.75,0.2,0.048,0.002,,3184121,0.048,0.033,0.07,0.071,0.108,0.163,0.129,0.172,0.09,0.116,76398,106023,0.797,105064,0.301,20533,0.247,35306,0.042,9823,0.02,3044,0.079,2103100,0.028,0.016,0.043,0.058,0.093,0.157,0.138,0.201,0.112,0.153,93284,123883,41255,1081021,46317,67167,40573,61123,48894,,8282997,0.918,0.758,0.291,0.082,1987112,0.05,5008656,4002732,3826631,0.901,0.862,0.071,0.099,176101,0.706,0.505,0.235,0.294,1005924,0.86,0.61,0.321,0.14,,0.068,0.108,0.101,0.032,0.042,0.034,0.215,0.303,0.329,0.1,0.131,0.128,0.139,0.124,0.091,0.095,0.075,0.073,0.213
WA,,6038812,0.647,0.637,0.606,0.031,0.009,0.353,3848596,0.049,3034150,0.59,0.588,0.56,525442,0.609,1054608,0.698,,3629152,0.697,0.097,0.06,0.036,0.02,0.09,28,,3660034,0.427,0.165,0.195,0.094,0.119,,3660034,0.025,0.07,0.095,0.027,0.116,0.055,0.022,0.053,0.136,0.216,0.09,0.045,0.05,,3660034,0.784,0.156,0.058,0.002,,2905822,0.044,0.031,0.065,0.069,0.108,0.171,0.136,0.182,0.089,0.105,77006,103669,0.791,105056,0.294,21204,0.215,29351,0.046,10433,0.03,3198,0.111,1874376,0.026,0.016,0.041,0.051,0.093,0.165,0.148,0.214,0.111,0.135,92422,120270,40837,1031446,48399,67798,41498,64520,50941,,7397932,0.938,0.717,0.352,0.062,1745214,0.028,4511978,3560162,3395084,0.92,0.839,0.114,0.08,165078,0.809,0.458,0.388,0.191,951816,0.897,0.562,0.41,0.103,,0.065,0.103,0.095,0.033,0.044,0.037,0.215,0.295,0.336,0.102,0.126,0.122,0.134,0.117,0.095,0.1,0.075,0.071,0.212
WV,,1485332,0.537,0.536,0.501,0.035,0.001,0.463,796303,0.065,756586,0.497,0.496,0.468,106781,0.619,227183,0.662,,730395,0.82,0.086,0.008,0.028,0.012,0.046,26.1,,744272,0.342,0.19,0.217,0.109,0.143,,744272,0.036,0.065,0.08,0.02,0.124,0.058,0.015,0.042,0.078,0.279,0.09,0.043,0.069,,744272,0.761,0.196,0.042,0.001,,734235,0.085,0.059,0.123,0.108,0.142,0.179,0.116,0.119,0.039,0.031,48037,65332,0.672,68700,0.417,19675,0.267,21118,0.074,9613,0.027,2842,0.165,470391,0.052,0.033,0.082,0.092,0.14,0.201,0.146,0.157,0.054,0.043,61707,78106,27346,263844,26825,39768,31199,49375,36133,,1778080,0.938,0.635,0.471,0.062,387727,0.029,1039059,727312,680715,0.912,0.797,0.151,0.088,46597,0.764,0.29,0.505,0.236,311747,0.913,0.436,0.575,0.087,,0.123,0.204,0.222,0.066,0.097,0.081,0.34,0.454,0.548,0.171,0.231,0.227,0.259,0.216,0.156,0.175,0.098,0.133,0.317
WI,,4682533,0.661,0.661,0.637,0.023,0.001,0.339,3093131,0.036,2368383,0.626,0.626,0.606,386527,0.733,833300,0.795,,2938013,0.799,0.077,0.015,0.029,0.015,0.065,22.2,,2983277,0.372,0.162,0.203,0.085,0.178,,2983277,0.022,0.059,0.18,0.027,0.11,0.046,0.016,0.061,0.086,0.234,0.082,0.042,0.035,,2983277,0.825,0.123,0.051,0.002,,2377935,0.046,0.041,0.086,0.09,0.13,0.189,0.141,0.163,0.061,0.052,63293,82757,0.774,83616,0.322,20703,0.22,25378,0.046,10818,0.019,2598,0.102,1479364,0.025,0.018,0.049,0.066,0.11,0.191,0.168,0.215,0.085,0.074,80844,100128,34450,898571,37792,50628,36540,53719,42789,,5735703,0.945,0.751,0.33,0.055,1354142,0.039,3424919,2818259,2723575,0.933,0.869,0.088,0.067,94684,0.811,0.473,0.374,0.189,606660,0.908,0.571,0.421,0.092,,0.068,0.115,0.12,0.03,0.04,0.038,0.241,0.317,0.371,0.11,0.142,0.138,0.164,0.128,0.101,0.107,0.078,0.077,0.224
WY,,461417,0.659,0.651,0.623,0.029,0.007,0.341,300597,0.044,226394,0.602,0.6,0.577,40917,0.619,86263,0.757,,284673,0.774,0.1,0.01,0.037,0.018,0.061,17.9,,287375,0.359,0.174,0.19,0.151,0.127,,287375,0.105,0.082,0.043,0.019,0.108,0.063,0.016,0.045,0.065,0.251,0.098,0.046,0.059,,287375,0.723,0.206,0.066,0.004,,233231,0.052,0.037,0.081,0.088,0.123,0.182,0.149,0.175,0.062,0.05,65304,83583,0.791,82036,0.315,20495,0.218,26465,0.034,10055,0.016,3232,0.053,149353,0.027,0.016,0.045,0.062,0.11,0.191,0.176,0.222,0.083,0.066,81290,98307,34415,83878,37385,53835,35388,57399,39978,,571005,0.886,0.735,0.279,0.114,141959,0.089,335946,271477,260406,0.861,0.83,0.06,0.139,11071,0.589,0.43,0.197,0.411,64469,0.818,0.599,0.287,0.182,,0.067,0.108,0.14,0.035,0.047,0.044,0.254,0.329,0.486,0.108,0.123,0.118,0.154,0.106,0.103,0.109,0.08,0.073,0.239
PR,,2728839,0.444,0.443,0.376,0.067,0.001,0.556,1208551,0.151,1450451,0.396,0.396,0.335,155868,0.622,427818,0.641,,1000096,0.834,0.077,0.015,0.026,0.017,0.031,29.1,,1026380,0.329,0.206,0.259,0.091,0.115,,1026380,0.013,0.056,0.089,0.028,0.133,0.038,0.016,0.053,0.102,0.231,0.098,0.054,0.087,,1026380,0.689,0.21,0.1,0.002,,1205749,0.264,0.117,0.183,0.124,0.12,0.102,0.043,0.029,0.009,0.01,21058,33315,0.553,39673,0.452,13426,0.168,17870,0.005,9807,0.072,2532,0.414,810494,0.208,0.097,0.187,0.139,0.138,0.121,0.051,0.036,0.011,0.012,25468,37911,13318,395255,12539,21216,17422,24088,24385,,3230810,0.932,0.389,0.613,0.068,654926,0.032,1915560,1151459,978228,0.885,0.608,0.294,0.115,173231,0.855,0.176,0.691,0.145,764101,0.927,0.268,0.697,0.073,,0.398,0.525,0.557,0.272,0.306,0.32,0.577,0.706,0.743,0.434,0.565,0.564,0.632,0.545,0.404,0.409,0.388,0.409,0.558
,,,,,,,,,,,,,,,,,,,,,,,,,,,,,,,,,,,,,,,,,,,,,,,,,,,,,,,,,,,,,,,,,,,,,,,,,,,,,,,,,,,,,,,,,,,,,,,,,,,,,,,,,,,,,,,,,,,,,,,,,,,,,,,,,,,,,,,,,,,,,,,,,
,,,,,,,,,,,,,,,,,,,,,,,,,,,,,,,,,,,,,,,,,,,,,,,,,,,,,,,,,,,,,,,,,,,,,,,,,,,,,,,,,,,,,,,,,,,,,,,,,,,,,,,,,,,,,,,,,,,,,,,,,,,,,,,,,,,,,,,,,,,,,,,,,
,,,,,,,,,,,,,,,,,,,,,,,,,,,,,,,,,,,,,,,,,,,,,,,,,,,,,,,,,,,,,,,,,,,,,,,,,,,,,,,,,,,,,,,,,,,,,,,,,,,,,,,,,,,,,,,,,,,,,,,,,,,,,,,,,,,,,,,,,,,,,,,,,
,,,,,,,,,,,,,,,,,,,,,,,,,,,,,,,,,,,,,,,,,,,,,,,,,,,,,,,,,,,,,,,,,,,,,,,,,,,,,,,,,,,,,,,,,,,,,,,,,,,,,,,,,,,,,,,,,,,,,,,,,,,,,,,,,,,,,,,,,,,,,,,,,
,,,,,,,,,,,,,,,,,,,,,,,,,,,,,,,,,,,,,,,,,,,,,,,,,,,,,,,,,,,,,,,,,,,,,,,,,,,,,,,,,,,,,,,,,,,,,,,,,,,,,,,,,,,,,,,,,,,,,,,,,,,,,,,,,,,,,,,,,,,,,,,,,
,,,,,,,,,,,,,,,,,,,,,,,,,,,,,,,,,,,,,,,,,,,,,,,,,,,,,,,,,,,,,,,,,,,,,,,,,,,,,,,,,,,,,,,,,,,,,,,,,,,,,,,,,,,,,,,,,,,,,,,,,,,,,,,,,,,,,,,,,,,,,,,,,
,,,,,,,,,,,,,,,,,,,,,,,,,,,,,,,,,,,,,,,,,,,,,,,,,,,,,,,,,,,,,,,,,,,,,,,,,,,,,,,,,,,,,,,,,,,,,,,,,,,,,,,,,,,,,,,,,,,,,,,,,,,,,,,,,,,,,,,,,,,,,,,,,
,,,,,,,,,,,,,,,,,,,,,,,,,,,,,,,,,,,,,,,,,,,,,,,,,,,,,,,,,,,,,,,,,,,,,,,,,,,,,,,,,,,,,,,,,,,,,,,,,,,,,,,,,,,,,,,,,,,,,,,,,,,,,,,,,,,,,,,,,,,,,,,,,
,,,,,,,,,,,,,,,,,,,,,,,,,,,,,,,,,,,,,,,,,,,,,,,,,,,,,,,,,,,,,,,,,,,,,,,,,,,,,,,,,,,,,,,,,,,,,,,,,,,,,,,,,,,,,,,,,,,,,,,,,,,,,,,,,,,,,,,,,,,,,,,,,
,,,,,,,,,,,,,,,,,,,,,,,,,,,,,,,,,,,,,,,,,,,,,,,,,,,,,,,,,,,,,,,,,,,,,,,,,,,,,,,,,,,,,,,,,,,,,,,,,,,,,,,,,,,,,,,,,,,,,,,,,,,,,,,,,,,,,,,,,,,,,,,,,
,,,,,,,,,,,,,,,,,,,,,,,,,,,,,,,,,,,,,,,,,,,,,,,,,,,,,,,,,,,,,,,,,,,,,,,,,,,,,,,,,,,,,,,,,,,,,,,,,,,,,,,,,,,,,,,,,,,,,,,,,,,,,,,,,,,,,,,,,,,,,,,,,
,,,,,,,,,,,,,,,,,,,,,,,,,,,,,,,,,,,,,,,,,,,,,,,,,,,,,,,,,,,,,,,,,,,,,,,,,,,,,,,,,,,,,,,,,,,,,,,,,,,,,,,,,,,,,,,,,,,,,,,,,,,,,,,,,,,,,,,,,,,,,,,,,
,,,,,,,,,,,,,,,,,,,,,,,,,,,,,,,,,,,,,,,,,,,,,,,,,,,,,,,,,,,,,,,,,,,,,,,,,,,,,,,,,,,,,,,,,,,,,,,,,,,,,,,,,,,,,,,,,,,,,,,,,,,,,,,,,,,,,,,,,,,,,,,,,
,,,,,,,,,,,,,,,,,,,,,,,,,,,,,,,,,,,,,,,,,,,,,,,,,,,,,,,,,,,,,,,,,,,,,,,,,,,,,,,,,,,,,,,,,,,,,,,,,,,,,,,,,,,,,,,,,,,,,,,,,,,,,,,,,,,,,,,,,,,,,,,,,
,,,,,,,,,,,,,,,,,,,,,,,,,,,,,,,,,,,,,,,,,,,,,,,,,,,,,,,,,,,,,,,,,,,,,,,,,,,,,,,,,,,,,,,,,,,,,,,,,,,,,,,,,,,,,,,,,,,,,,,,,,,,,,,,,,,,,,,,,,,,,,,,,
,,,,,,,,,,,,,,,,,,,,,,,,,,,,,,,,,,,,,,,,,,,,,,,,,,,,,,,,,,,,,,,,,,,,,,,,,,,,,,,,,,,,,,,,,,,,,,,,,,,,,,,,,,,,,,,,,,,,,,,,,,,,,,,,,,,,,,,,,,,,,,,,,
,,,,,,,,,,,,,,,,,,,,,,,,,,,,,,,,,,,,,,,,,,,,,,,,,,,,,,,,,,,,,,,,,,,,,,,,,,,,,,,,,,,,,,,,,,,,,,,,,,,,,,,,,,,,,,,,,,,,,,,,,,,,,,,,,,,,,,,,,,,,,,,,,
,,,,,,,,,,,,,,,,,,,,,,,,,,,,,,,,,,,,,,,,,,,,,,,,,,,,,,,,,,,,,,,,,,,,,,,,,,,,,,,,,,,,,,,,,,,,,,,,,,,,,,,,,,,,,,,,,,,,,,,,,,,,,,,,,,,,,,,,,,,,,,,,,
,,,,,,,,,,,,,,,,,,,,,,,,,,,,,,,,,,,,,,,,,,,,,,,,,,,,,,,,,,,,,,,,,,,,,,,,,,,,,,,,,,,,,,,,,,,,,,,,,,,,,,,,,,,,,,,,,,,,,,,,,,,,,,,,,,,,,,,,,,,,,,,,,
,,,,,,,,,,,,,,,,,,,,,,,,,,,,,,,,,,,,,,,,,,,,,,,,,,,,,,,,,,,,,,,,,,,,,,,,,,,,,,,,,,,,,,,,,,,,,,,,,,,,,,,,,,,,,,,,,,,,,,,,,,,,,,,,,,,,,,,,,,,,,,,,,
,,,,,,,,,,,,,,,,,,,,,,,,,,,,,,,,,,,,,,,,,,,,,,,,,,,,,,,,,,,,,,,,,,,,,,,,,,,,,,,,,,,,,,,,,,,,,,,,,,,,,,,,,,,,,,,,,,,,,,,,,,,,,,,,,,,,,,,,,,,,,,,,,
,,,,,,,,,,,,,,,,,,,,,,,,,,,,,,,,,,,,,,,,,,,,,,,,,,,,,,,,,,,,,,,,,,,,,,,,,,,,,,,,,,,,,,,,,,,,,,,,,,,,,,,,,,,,,,,,,,,,,,,,,,,,,,,,,,,,,,,,,,,,,,,,,
,,,,,,,,,,,,,,,,,,,,,,,,,,,,,,,,,,,,,,,,,,,,,,,,,,,,,,,,,,,,,,,,,,,,,,,,,,,,,,,,,,,,,,,,,,,,,,,,,,,,,,,,,,,,,,,,,,,,,,,,,,,,,,,,,,,,,,,,,,,,,,,,,
,,,,,,,,,,,,,,,,,,,,,,,,,,,,,,,,,,,,,,,,,,,,,,,,,,,,,,,,,,,,,,,,,,,,,,,,,,,,,,,,,,,,,,,,,,,,,,,,,,,,,,,,,,,,,,,,,,,,,,,,,,,,,,,,,,,,,,,,,,,,,,,,,
,,,,,,,,,,,,,,,,,,,,,,,,,,,,,,,,,,,,,,,,,,,,,,,,,,,,,,,,,,,,,,,,,,,,,,,,,,,,,,,,,,,,,,,,,,,,,,,,,,,,,,,,,,,,,,,,,,,,,,,,,,,,,,,,,,,,,,,,,,,,,,,,,
,,,,,,,,,,,,,,,,,,,,,,,,,,,,,,,,,,,,,,,,,,,,,,,,,,,,,,,,,,,,,,,,,,,,,,,,,,,,,,,,,,,,,,,,,,,,,,,,,,,,,,,,,,,,,,,,,,,,,,,,,,,,,,,,,,,,,,,,,,,,,,,,,
,,,,,,,,,,,,,,,,,,,,,,,,,,,,,,,,,,,,,,,,,,,,,,,,,,,,,,,,,,,,,,,,,,,,,,,,,,,,,,,,,,,,,,,,,,,,,,,,,,,,,,,,,,,,,,,,,,,,,,,,,,,,,,,,,,,,,,,,,,,,,,,,,
,,,,,,,,,,,,,,,,,,,,,,,,,,,,,,,,,,,,,,,,,,,,,,,,,,,,,,,,,,,,,,,,,,,,,,,,,,,,,,,,,,,,,,,,,,,,,,,,,,,,,,,,,,,,,,,,,,,,,,,,,,,,,,,,,,,,,,,,,,,,,,,,,
,,,,,,,,,,,,,,,,,,,,,,,,,,,,,,,,,,,,,,,,,,,,,,,,,,,,,,,,,,,,,,,,,,,,,,,,,,,,,,,,,,,,,,,,,,,,,,,,,,,,,,,,,,,,,,,,,,,,,,,,,,,,,,,,,,,,,,,,,,,,,,,,,
,,,,,,,,,,,,,,,,,,,,,,,,,,,,,,,,,,,,,,,,,,,,,,,,,,,,,,,,,,,,,,,,,,,,,,,,,,,,,,,,,,,,,,,,,,,,,,,,,,,,,,,,,,,,,,,,,,,,,,,,,,,,,,,,,,,,,,,,,,,,,,,,,
,,,,,,,,,,,,,,,,,,,,,,,,,,,,,,,,,,,,,,,,,,,,,,,,,,,,,,,,,,,,,,,,,,,,,,,,,,,,,,,,,,,,,,,,,,,,,,,,,,,,,,,,,,,,,,,,,,,,,,,,,,,,,,,,,,,,,,,,,,,,,,,,,
,,,,,,,,,,,,,,,,,,,,,,,,,,,,,,,,,,,,,,,,,,,,,,,,,,,,,,,,,,,,,,,,,,,,,,,,,,,,,,,,,,,,,,,,,,,,,,,,,,,,,,,,,,,,,,,,,,,,,,,,,,,,,,,,,,,,,,,,,,,,,,,,,
,,,,,,,,,,,,,,,,,,,,,,,,,,,,,,,,,,,,,,,,,,,,,,,,,,,,,,,,,,,,,,,,,,,,,,,,,,,,,,,,,,,,,,,,,,,,,,,,,,,,,,,,,,,,,,,,,,,,,,,,,,,,,,,,,,,,,,,,,,,,,,,,,
,,,,,,,,,,,,,,,,,,,,,,,,,,,,,,,,,,,,,,,,,,,,,,,,,,,,,,,,,,,,,,,,,,,,,,,,,,,,,,,,,,,,,,,,,,,,,,,,,,,,,,,,,,,,,,,,,,,,,,,,,,,,,,,,,,,,,,,,,,,,,,,,,
,,,,,,,,,,,,,,,,,,,,,,,,,,,,,,,,,,,,,,,,,,,,,,,,,,,,,,,,,,,,,,,,,,,,,,,,,,,,,,,,,,,,,,,,,,,,,,,,,,,,,,,,,,,,,,,,,,,,,,,,,,,,,,,,,,,,,,,,,,,,,,,,,
,,,,,,,,,,,,,,,,,,,,,,,,,,,,,,,,,,,,,,,,,,,,,,,,,,,,,,,,,,,,,,,,,,,,,,,,,,,,,,,,,,,,,,,,,,,,,,,,,,,,,,,,,,,,,,,,,,,,,,,,,,,,,,,,,,,,,,,,,,,,,,,,,
,,,,,,,,,,,,,,,,,,,,,,,,,,,,,,,,,,,,,,,,,,,,,,,,,,,,,,,,,,,,,,,,,,,,,,,,,,,,,,,,,,,,,,,,,,,,,,,,,,,,,,,,,,,,,,,,,,,,,,,,,,,,,,,,,,,,,,,,,,,,,,,,,
,,,,,,,,,,,,,,,,,,,,,,,,,,,,,,,,,,,,,,,,,,,,,,,,,,,,,,,,,,,,,,,,,,,,,,,,,,,,,,,,,,,,,,,,,,,,,,,,,,,,,,,,,,,,,,,,,,,,,,,,,,,,,,,,,,,,,,,,,,,,,,,,,
,,,,,,,,,,,,,,,,,,,,,,,,,,,,,,,,,,,,,,,,,,,,,,,,,,,,,,,,,,,,,,,,,,,,,,,,,,,,,,,,,,,,,,,,,,,,,,,,,,,,,,,,,,,,,,,,,,,,,,,,,,,,,,,,,,,,,,,,,,,,,,,,,
,,,,,,,,,,,,,,,,,,,,,,,,,,,,,,,,,,,,,,,,,,,,,,,,,,,,,,,,,,,,,,,,,,,,,,,,,,,,,,,,,,,,,,,,,,,,,,,,,,,,,,,,,,,,,,,,,,,,,,,,,,,,,,,,,,,,,,,,,,,,,,,,,
,,,,,,,,,,,,,,,,,,,,,,,,,,,,,,,,,,,,,,,,,,,,,,,,,,,,,,,,,,,,,,,,,,,,,,,,,,,,,,,,,,,,,,,,,,,,,,,,,,,,,,,,,,,,,,,,,,,,,,,,,,,,,,,,,,,,,,,,,,,,,,,,,
,,,,,,,,,,,,,,,,,,,,,,,,,,,,,,,,,,,,,,,,,,,,,,,,,,,,,,,,,,,,,,,,,,,,,,,,,,,,,,,,,,,,,,,,,,,,,,,,,,,,,,,,,,,,,,,,,,,,,,,,,,,,,,,,,,,,,,,,,,,,,,,,,
,,,,,,,,,,,,,,,,,,,,,,,,,,,,,,,,,,,,,,,,,,,,,,,,,,,,,,,,,,,,,,,,,,,,,,,,,,,,,,,,,,,,,,,,,,,,,,,,,,,,,,,,,,,,,,,,,,,,,,,,,,,,,,,,,,,,,,,,,,,,,,,,,
,,,,,,,,,,,,,,,,,,,,,,,,,,,,,,,,,,,,,,,,,,,,,,,,,,,,,,,,,,,,,,,,,,,,,,,,,,,,,,,,,,,,,,,,,,,,,,,,,,,,,,,,,,,,,,,,,,,,,,,,,,,,,,,,,,,,,,,,,,,,,,,,,
,,,,,,,,,,,,,,,,,,,,,,,,,,,,,,,,,,,,,,,,,,,,,,,,,,,,,,,,,,,,,,,,,,,,,,,,,,,,,,,,,,,,,,,,,,,,,,,,,,,,,,,,,,,,,,,,,,,,,,,,,,,,,,,,,,,,,,,,,,,,,,,,,
,,,,,,,,,,,,,,,,,,,,,,,,,,,,,,,,,,,,,,,,,,,,,,,,,,,,,,,,,,,,,,,,,,,,,,,,,,,,,,,,,,,,,,,,,,,,,,,,,,,,,,,,,,,,,,,,,,,,,,,,,,,,,,,,,,,,,,,,,,,,,,,,,
,,,,,,,,,,,,,,,,,,,,,,,,,,,,,,,,,,,,,,,,,,,,,,,,,,,,,,,,,,,,,,,,,,,,,,,,,,,,,,,,,,,,,,,,,,,,,,,,,,,,,,,,,,,,,,,,,,,,,,,,,,,,,,,,,,,,,,,,,,,,,,,,,
,,,,,,,,,,,,,,,,,,,,,,,,,,,,,,,,,,,,,,,,,,,,,,,,,,,,,,,,,,,,,,,,,,,,,,,,,,,,,,,,,,,,,,,,,,,,,,,,,,,,,,,,,,,,,,,,,,,,,,,,,,,,,,,,,,,,,,,,,,,,,,,,,
,,,,,,,,,,,,,,,,,,,,,,,,,,,,,,,,,,,,,,,,,,,,,,,,,,,,,,,,,,,,,,,,,,,,,,,,,,,,,,,,,,,,,,,,,,,,,,,,,,,,,,,,,,,,,,,,,,,,,,,,,,,,,,,,,,,,,,,,,,,,,,,,,
,,,,,,,,,,,,,,,,,,,,,,,,,,,,,,,,,,,,,,,,,,,,,,,,,,,,,,,,,,,,,,,,,,,,,,,,,,,,,,,,,,,,,,,,,,,,,,,,,,,,,,,,,,,,,,,,,,,,,,,,,,,,,,,,,,,,,,,,,,,,,,,,,
,,,,,,,,,,,,,,,,,,,,,,,,,,,,,,,,,,,,,,,,,,,,,,,,,,,,,,,,,,,,,,,,,,,,,,,,,,,,,,,,,,,,,,,,,,,,,,,,,,,,,,,,,,,,,,,,,,,,,,,,,,,,,,,,,,,,,,,,,,,,,,,,,
,,,,,,,,,,,,,,,,,,,,,,,,,,,,,,,,,,,,,,,,,,,,,,,,,,,,,,,,,,,,,,,,,,,,,,,,,,,,,,,,,,,,,,,,,,,,,,,,,,,,,,,,,,,,,,,,,,,,,,,,,,,,,,,,,,,,,,,,,,,,,,,,,
,,,,,,,,,,,,,,,,,,,,,,,,,,,,,,,,,,,,,,,,,,,,,,,,,,,,,,,,,,,,,,,,,,,,,,,,,,,,,,,,,,,,,,,,,,,,,,,,,,,,,,,,,,,,,,,,,,,,,,,,,,,,,,,,,,,,,,,,,,,,,,,,,
,,,,,,,,,,,,,,,,,,,,,,,,,,,,,,,,,,,,,,,,,,,,,,,,,,,,,,,,,,,,,,,,,,,,,,,,,,,,,,,,,,,,,,,,,,,,,,,,,,,,,,,,,,,,,,,,,,,,,,,,,,,,,,,,,,,,,,,,,,,,,,,,,
,,,,,,,,,,,,,,,,,,,,,,,,,,,,,,,,,,,,,,,,,,,,,,,,,,,,,,,,,,,,,,,,,,,,,,,,,,,,,,,,,,,,,,,,,,,,,,,,,,,,,,,,,,,,,,,,,,,,,,,,,,,,,,,,,,,,,,,,,,,,,,,,,
,,,,,,,,,,,,,,,,,,,,,,,,,,,,,,,,,,,,,,,,,,,,,,,,,,,,,,,,,,,,,,,,,,,,,,,,,,,,,,,,,,,,,,,,,,,,,,,,,,,,,,,,,,,,,,,,,,,,,,,,,,,,,,,,,,,,,,,,,,,,,,,,,
,,,,,,,,,,,,,,,,,,,,,,,,,,,,,,,,,,,,,,,,,,,,,,,,,,,,,,,,,,,,,,,,,,,,,,,,,,,,,,,,,,,,,,,,,,,,,,,,,,,,,,,,,,,,,,,,,,,,,,,,,,,,,,,,,,,,,,,,,,,,,,,,,
,,,,,,,,,,,,,,,,,,,,,,,,,,,,,,,,,,,,,,,,,,,,,,,,,,,,,,,,,,,,,,,,,,,,,,,,,,,,,,,,,,,,,,,,,,,,,,,,,,,,,,,,,,,,,,,,,,,,,,,,,,,,,,,,,,,,,,,,,,,,,,,,,
,,,,,,,,,,,,,,,,,,,,,,,,,,,,,,,,,,,,,,,,,,,,,,,,,,,,,,,,,,,,,,,,,,,,,,,,,,,,,,,,,,,,,,,,,,,,,,,,,,,,,,,,,,,,,,,,,,,,,,,,,,,,,,,,,,,,,,,,,,,,,,,,,
,,,,,,,,,,,,,,,,,,,,,,,,,,,,,,,,,,,,,,,,,,,,,,,,,,,,,,,,,,,,,,,,,,,,,,,,,,,,,,,,,,,,,,,,,,,,,,,,,,,,,,,,,,,,,,,,,,,,,,,,,,,,,,,,,,,,,,,,,,,,,,,,,
,,,,,,,,,,,,,,,,,,,,,,,,,,,,,,,,,,,,,,,,,,,,,,,,,,,,,,,,,,,,,,,,,,,,,,,,,,,,,,,,,,,,,,,,,,,,,,,,,,,,,,,,,,,,,,,,,,,,,,,,,,,,,,,,,,,,,,,,,,,,,,,,,
,,,,,,,,,,,,,,,,,,,,,,,,,,,,,,,,,,,,,,,,,,,,,,,,,,,,,,,,,,,,,,,,,,,,,,,,,,,,,,,,,,,,,,,,,,,,,,,,,,,,,,,,,,,,,,,,,,,,,,,,,,,,,,,,,,,,,,,,,,,,,,,,,
,,,,,,,,,,,,,,,,,,,,,,,,,,,,,,,,,,,,,,,,,,,,,,,,,,,,,,,,,,,,,,,,,,,,,,,,,,,,,,,,,,,,,,,,,,,,,,,,,,,,,,,,,,,,,,,,,,,,,,,,,,,,,,,,,,,,,,,,,,,,,,,,,
,,,,,,,,,,,,,,,,,,,,,,,,,,,,,,,,,,,,,,,,,,,,,,,,,,,,,,,,,,,,,,,,,,,,,,,,,,,,,,,,,,,,,,,,,,,,,,,,,,,,,,,,,,,,,,,,,,,,,,,,,,,,,,,,,,,,,,,,,,,,,,,,,
,,,,,,,,,,,,,,,,,,,,,,,,,,,,,,,,,,,,,,,,,,,,,,,,,,,,,,,,,,,,,,,,,,,,,,,,,,,,,,,,,,,,,,,,,,,,,,,,,,,,,,,,,,,,,,,,,,,,,,,,,,,,,,,,,,,,,,,,,,,,,,,,,
,,,,,,,,,,,,,,,,,,,,,,,,,,,,,,,,,,,,,,,,,,,,,,,,,,,,,,,,,,,,,,,,,,,,,,,,,,,,,,,,,,,,,,,,,,,,,,,,,,,,,,,,,,,,,,,,,,,,,,,,,,,,,,,,,,,,,,,,,,,,,,,,,
,,,,,,,,,,,,,,,,,,,,,,,,,,,,,,,,,,,,,,,,,,,,,,,,,,,,,,,,,,,,,,,,,,,,,,,,,,,,,,,,,,,,,,,,,,,,,,,,,,,,,,,,,,,,,,,,,,,,,,,,,,,,,,,,,,,,,,,,,,,,,,,,,
,,,,,,,,,,,,,,,,,,,,,,,,,,,,,,,,,,,,,,,,,,,,,,,,,,,,,,,,,,,,,,,,,,,,,,,,,,,,,,,,,,,,,,,,,,,,,,,,,,,,,,,,,,,,,,,,,,,,,,,,,,,,,,,,,,,,,,,,,,,,,,,,,
,,,,,,,,,,,,,,,,,,,,,,,,,,,,,,,,,,,,,,,,,,,,,,,,,,,,,,,,,,,,,,,,,,,,,,,,,,,,,,,,,,,,,,,,,,,,,,,,,,,,,,,,,,,,,,,,,,,,,,,,,,,,,,,,,,,,,,,,,,,,,,,,,
,,,,,,,,,,,,,,,,,,,,,,,,,,,,,,,,,,,,,,,,,,,,,,,,,,,,,,,,,,,,,,,,,,,,,,,,,,,,,,,,,,,,,,,,,,,,,,,,,,,,,,,,,,,,,,,,,,,,,,,,,,,,,,,,,,,,,,,,,,,,,,,,,
,,,,,,,,,,,,,,,,,,,,,,,,,,,,,,,,,,,,,,,,,,,,,,,,,,,,,,,,,,,,,,,,,,,,,,,,,,,,,,,,,,,,,,,,,,,,,,,,,,,,,,,,,,,,,,,,,,,,,,,,,,,,,,,,,,,,,,,,,,,,,,,,,
,,,,,,,,,,,,,,,,,,,,,,,,,,,,,,,,,,,,,,,,,,,,,,,,,,,,,,,,,,,,,,,,,,,,,,,,,,,,,,,,,,,,,,,,,,,,,,,,,,,,,,,,,,,,,,,,,,,,,,,,,,,,,,,,,,,,,,,,,,,,,,,,,
,,,,,,,,,,,,,,,,,,,,,,,,,,,,,,,,,,,,,,,,,,,,,,,,,,,,,,,,,,,,,,,,,,,,,,,,,,,,,,,,,,,,,,,,,,,,,,,,,,,,,,,,,,,,,,,,,,,,,,,,,,,,,,,,,,,,,,,,,,,,,,,,,
,,,,,,,,,,,,,,,,,,,,,,,,,,,,,,,,,,,,,,,,,,,,,,,,,,,,,,,,,,,,,,,,,,,,,,,,,,,,,,,,,,,,,,,,,,,,,,,,,,,,,,,,,,,,,,,,,,,,,,,,,,,,,,,,,,,,,,,,,,,,,,,,,
,,,,,,,,,,,,,,,,,,,,,,,,,,,,,,,,,,,,,,,,,,,,,,,,,,,,,,,,,,,,,,,,,,,,,,,,,,,,,,,,,,,,,,,,,,,,,,,,,,,,,,,,,,,,,,,,,,,,,,,,,,,,,,,,,,,,,,,,,,,,,,,,,
,,,,,,,,,,,,,,,,,,,,,,,,,,,,,,,,,,,,,,,,,,,,,,,,,,,,,,,,,,,,,,,,,,,,,,,,,,,,,,,,,,,,,,,,,,,,,,,,,,,,,,,,,,,,,,,,,,,,,,,,,,,,,,,,,,,,,,,,,,,,,,,,,
,,,,,,,,,,,,,,,,,,,,,,,,,,,,,,,,,,,,,,,,,,,,,,,,,,,,,,,,,,,,,,,,,,,,,,,,,,,,,,,,,,,,,,,,,,,,,,,,,,,,,,,,,,,,,,,,,,,,,,,,,,,,,,,,,,,,,,,,,,,,,,,,,
,,,,,,,,,,,,,,,,,,,,,,,,,,,,,,,,,,,,,,,,,,,,,,,,,,,,,,,,,,,,,,,,,,,,,,,,,,,,,,,,,,,,,,,,,,,,,,,,,,,,,,,,,,,,,,,,,,,,,,,,,,,,,,,,,,,,,,,,,,,,,,,,,
,,,,,,,,,,,,,,,,,,,,,,,,,,,,,,,,,,,,,,,,,,,,,,,,,,,,,,,,,,,,,,,,,,,,,,,,,,,,,,,,,,,,,,,,,,,,,,,,,,,,,,,,,,,,,,,,,,,,,,,,,,,,,,,,,,,,,,,,,,,,,,,,,
,,,,,,,,,,,,,,,,,,,,,,,,,,,,,,,,,,,,,,,,,,,,,,,,,,,,,,,,,,,,,,,,,,,,,,,,,,,,,,,,,,,,,,,,,,,,,,,,,,,,,,,,,,,,,,,,,,,,,,,,,,,,,,,,,,,,,,,,,,,,,,,,,
,,,,,,,,,,,,,,,,,,,,,,,,,,,,,,,,,,,,,,,,,,,,,,,,,,,,,,,,,,,,,,,,,,,,,,,,,,,,,,,,,,,,,,,,,,,,,,,,,,,,,,,,,,,,,,,,,,,,,,,,,,,,,,,,,,,,,,,,,,,,,,,,,
,,,,,,,,,,,,,,,,,,,,,,,,,,,,,,,,,,,,,,,,,,,,,,,,,,,,,,,,,,,,,,,,,,,,,,,,,,,,,,,,,,,,,,,,,,,,,,,,,,,,,,,,,,,,,,,,,,,,,,,,,,,,,,,,,,,,,,,,,,,,,,,,,
,,,,,,,,,,,,,,,,,,,,,,,,,,,,,,,,,,,,,,,,,,,,,,,,,,,,,,,,,,,,,,,,,,,,,,,,,,,,,,,,,,,,,,,,,,,,,,,,,,,,,,,,,,,,,,,,,,,,,,,,,,,,,,,,,,,,,,,,,,,,,,,,,
,,,,,,,,,,,,,,,,,,,,,,,,,,,,,,,,,,,,,,,,,,,,,,,,,,,,,,,,,,,,,,,,,,,,,,,,,,,,,,,,,,,,,,,,,,,,,,,,,,,,,,,,,,,,,,,,,,,,,,,,,,,,,,,,,,,,,,,,,,,,,,,,,
,,,,,,,,,,,,,,,,,,,,,,,,,,,,,,,,,,,,,,,,,,,,,,,,,,,,,,,,,,,,,,,,,,,,,,,,,,,,,,,,,,,,,,,,,,,,,,,,,,,,,,,,,,,,,,,,,,,,,,,,,,,,,,,,,,,,,,,,,,,,,,,,,
,,,,,,,,,,,,,,,,,,,,,,,,,,,,,,,,,,,,,,,,,,,,,,,,,,,,,,,,,,,,,,,,,,,,,,,,,,,,,,,,,,,,,,,,,,,,,,,,,,,,,,,,,,,,,,,,,,,,,,,,,,,,,,,,,,,,,,,,,,,,,,,,,
,,,,,,,,,,,,,,,,,,,,,,,,,,,,,,,,,,,,,,,,,,,,,,,,,,,,,,,,,,,,,,,,,,,,,,,,,,,,,,,,,,,,,,,,,,,,,,,,,,,,,,,,,,,,,,,,,,,,,,,,,,,,,,,,,,,,,,,,,,,,,,,,,
,,,,,,,,,,,,,,,,,,,,,,,,,,,,,,,,,,,,,,,,,,,,,,,,,,,,,,,,,,,,,,,,,,,,,,,,,,,,,,,,,,,,,,,,,,,,,,,,,,,,,,,,,,,,,,,,,,,,,,,,,,,,,,,,,,,,,,,,,,,,,,,,,
,,,,,,,,,,,,,,,,,,,,,,,,,,,,,,,,,,,,,,,,,,,,,,,,,,,,,,,,,,,,,,,,,,,,,,,,,,,,,,,,,,,,,,,,,,,,,,,,,,,,,,,,,,,,,,,,,,,,,,,,,,,,,,,,,,,,,,,,,,,,,,,,,
,,,,,,,,,,,,,,,,,,,,,,,,,,,,,,,,,,,,,,,,,,,,,,,,,,,,,,,,,,,,,,,,,,,,,,,,,,,,,,,,,,,,,,,,,,,,,,,,,,,,,,,,,,,,,,,,,,,,,,,,,,,,,,,,,,,,,,,,,,,,,,,,,
,,,,,,,,,,,,,,,,,,,,,,,,,,,,,,,,,,,,,,,,,,,,,,,,,,,,,,,,,,,,,,,,,,,,,,,,,,,,,,,,,,,,,,,,,,,,,,,,,,,,,,,,,,,,,,,,,,,,,,,,,,,,,,,,,,,,,,,,,,,,,,,,,
,,,,,,,,,,,,,,,,,,,,,,,,,,,,,,,,,,,,,,,,,,,,,,,,,,,,,,,,,,,,,,,,,,,,,,,,,,,,,,,,,,,,,,,,,,,,,,,,,,,,,,,,,,,,,,,,,,,,,,,,,,,,,,,,,,,,,,,,,,,,,,,,,
,,,,,,,,,,,,,,,,,,,,,,,,,,,,,,,,,,,,,,,,,,,,,,,,,,,,,,,,,,,,,,,,,,,,,,,,,,,,,,,,,,,,,,,,,,,,,,,,,,,,,,,,,,,,,,,,,,,,,,,,,,,,,,,,,,,,,,,,,,,,,,,,,
,,,,,,,,,,,,,,,,,,,,,,,,,,,,,,,,,,,,,,,,,,,,,,,,,,,,,,,,,,,,,,,,,,,,,,,,,,,,,,,,,,,,,,,,,,,,,,,,,,,,,,,,,,,,,,,,,,,,,,,,,,,,,,,,,,,,,,,,,,,,,,,,,
,,,,,,,,,,,,,,,,,,,,,,,,,,,,,,,,,,,,,,,,,,,,,,,,,,,,,,,,,,,,,,,,,,,,,,,,,,,,,,,,,,,,,,,,,,,,,,,,,,,,,,,,,,,,,,,,,,,,,,,,,,,,,,,,,,,,,,,,,,,,,,,,,
,,,,,,,,,,,,,,,,,,,,,,,,,,,,,,,,,,,,,,,,,,,,,,,,,,,,,,,,,,,,,,,,,,,,,,,,,,,,,,,,,,,,,,,,,,,,,,,,,,,,,,,,,,,,,,,,,,,,,,,,,,,,,,,,,,,,,,,,,,,,,,,,,
,,,,,,,,,,,,,,,,,,,,,,,,,,,,,,,,,,,,,,,,,,,,,,,,,,,,,,,,,,,,,,,,,,,,,,,,,,,,,,,,,,,,,,,,,,,,,,,,,,,,,,,,,,,,,,,,,,,,,,,,,,,,,,,,,,,,,,,,,,,,,,,,,
,,,,,,,,,,,,,,,,,,,,,,,,,,,,,,,,,,,,,,,,,,,,,,,,,,,,,,,,,,,,,,,,,,,,,,,,,,,,,,,,,,,,,,,,,,,,,,,,,,,,,,,,,,,,,,,,,,,,,,,,,,,,,,,,,,,,,,,,,,,,,,,,,
,,,,,,,,,,,,,,,,,,,,,,,,,,,,,,,,,,,,,,,,,,,,,,,,,,,,,,,,,,,,,,,,,,,,,,,,,,,,,,,,,,,,,,,,,,,,,,,,,,,,,,,,,,,,,,,,,,,,,,,,,,,,,,,,,,,,,,,,,,,,,,,,,
,,,,,,,,,,,,,,,,,,,,,,,,,,,,,,,,,,,,,,,,,,,,,,,,,,,,,,,,,,,,,,,,,,,,,,,,,,,,,,,,,,,,,,,,,,,,,,,,,,,,,,,,,,,,,,,,,,,,,,,,,,,,,,,,,,,,,,,,,,,,,,,,,
,,,,,,,,,,,,,,,,,,,,,,,,,,,,,,,,,,,,,,,,,,,,,,,,,,,,,,,,,,,,,,,,,,,,,,,,,,,,,,,,,,,,,,,,,,,,,,,,,,,,,,,,,,,,,,,,,,,,,,,,,,,,,,,,,,,,,,,,,,,,,,,,,
,,,,,,,,,,,,,,,,,,,,,,,,,,,,,,,,,,,,,,,,,,,,,,,,,,,,,,,,,,,,,,,,,,,,,,,,,,,,,,,,,,,,,,,,,,,,,,,,,,,,,,,,,,,,,,,,,,,,,,,,,,,,,,,,,,,,,,,,,,,,,,,,,
,,,,,,,,,,,,,,,,,,,,,,,,,,,,,,,,,,,,,,,,,,,,,,,,,,,,,,,,,,,,,,,,,,,,,,,,,,,,,,,,,,,,,,,,,,,,,,,,,,,,,,,,,,,,,,,,,,,,,,,,,,,,,,,,,,,,,,,,,,,,,,,,,
,,,,,,,,,,,,,,,,,,,,,,,,,,,,,,,,,,,,,,,,,,,,,,,,,,,,,,,,,,,,,,,,,,,,,,,,,,,,,,,,,,,,,,,,,,,,,,,,,,,,,,,,,,,,,,,,,,,,,,,,,,,,,,,,,,,,,,,,,,,,,,,,,
